Spelling	Freq	CapitFreq	CD	CDCount	DomPoS	DomPosFreq	DomLemmaPos	DomLemmaPosFreq	DomLemmaPosTotalFreq	AllPos	AllPosFreq	AllLemmaPos	AllLemmaPosFreq	AllLemmaPosTotalFreq
ungoverned	8	0	0.0001552141	7	adjective	8	ungoverned-adjective	8	8	.adjective.	.8.	.ungoverned-adjective.	.8.	.8.
biferpd	1	0	2.22E-05	1	verb	1	biferpd-verb	1	1	.verb.	.1.	.biferpd-verb.	.1.	.1.
burneywood	5	5	6.65E-05	3	name	5	burneywood-name	5	5	.name.	.5.	.burneywood-name.	.5.	.5.
joiningered	1	1	2.22E-05	1	adjective	1	joiningered-adjective	1	1	.adjective.	.1.	.joiningered-adjective.	.1.	.1.
netherwalop	1	1	2.22E-05	1	name	1	netherwalop-name	1	1	.name.	.1.	.netherwalop-name.	.1.	.1.
netherlandss	1	1	2.22E-05	1	name	1	netherlandss-name	1	1	.name.	.1.	.netherlandss-name.	.1.	.1.
abstain	195	3	0.0030377614	137	verb	160	abstain-verb	160	297	.verb.noun.adjective.name.	.160.24.8.3.	.abstain-verb.abstain-noun.abstain-adjective.abstain-name.	.160.24.8.3.	.297.25.8.3.
kepple	1	1	2.22E-05	1	name	1	kepple-name	1	1	.name.	.1.	.kepple-name.	.1.	.1.
liney	3	0	6.65E-05	3	noun	2	liney-noun	2	2	.noun.adjective.	.2.1.	.liney-noun.liney-adjective.	.2.1.	.2.1.
ans	45	2	0.0007317235	33	noun	24	an-noun	24	24	.noun.unclassified.verb.preposition.name.	.24.10.7.3.1.	.an-noun.ans-unclassified.an-verb.ans-preposition.ans-name.	.24.10.7.3.1.	.24.10.7.3.1.
extraordinare	6	0	0.0001330406	6	noun	6	extraordinare-noun	6	6	.noun.	.6.	.extraordinare-noun.	.6.	.6.
discriminatetors	1	0	2.22E-05	1	noun	1	discriminatetor-noun	1	1	.noun.	.1.	.discriminatetor-noun.	.1.	.1.
orental	1	0	2.22E-05	1	adjective	1	orental-adjective	1	1	.adjective.	.1.	.orental-adjective.	.1.	.1.
vaci	1	1	2.22E-05	1	name	1	vaci-name	1	1	.name.	.1.	.vaci-name.	.1.	.1.
ekin	9	9	8.87E-05	4	name	9	ekin-name	9	9	.name.	.9.	.ekin-name.	.9.	.9.
shortlist	396	4	0.0057650946	260	noun	383	shortlist-noun	383	423	.noun.verb.name.adjective.	.383.6.4.3.	.shortlist-noun.shortlist-verb.shortlist-name.shortlist-adjective.	.383.6.4.3.	.423.145.4.3.
domic	2	1	4.43E-05	2	adjective	2	domic-adjective	2	2	.adjective.	.2.	.domic-adjective.	.2.	.2.
jihae	3	3	6.65E-05	3	name	3	jihae-name	3	3	.name.	.3.	.jihae-name.	.3.	.3.
gilkison	1	1	2.22E-05	1	name	1	gilkison-name	1	1	.name.	.1.	.gilkison-name.	.1.	.1.
gowff	1	0	2.22E-05	1	noun	1	gowff-noun	1	1	.noun.	.1.	.gowff-noun.	.1.	.1.
alarazi	4	4	2.22E-05	1	name	4	alarazi-name	4	4	.name.	.4.	.alarazi-name.	.4.	.4.
fairstowes	1	1	2.22E-05	1	name	1	fairstowes-name	1	1	.name.	.1.	.fairstowes-name.	.1.	.1.
caoimhe	11	11	8.87E-05	4	name	11	caoimhe-name	11	11	.name.	.11.	.caoimhe-name.	.11.	.11.
fmd	3	3	6.65E-05	3	name	3	fmd-name	3	3	.name.	.3.	.fmd-name.	.3.	.3.
zardari	60	60	0.0007095501	32	name	60	zardari-name	60	60	.name.	.60.	.zardari-name.	.60.	.60.
handspan	1	0	2.22E-05	1	noun	1	handspan-noun	1	1	.noun.	.1.	.handspan-noun.	.1.	.1.
ucs	5	5	8.87E-05	4	name	4	ucs-name	4	4	.name.noun.	.4.1.	.ucs-name.uc-noun.	.4.1.	.4.4.
wefl	1	0	2.22E-05	1	adjective	1	wefl-adjective	1	1	.adjective.	.1.	.wefl-adjective.	.1.	.1.
cob	335	65	0.0041686068	188	noun	262	cob-noun	262	325	.noun.name.adjective.verb.	.262.66.4.3.	.cob-noun.cob-name.cob-adjective.cob-verb.	.262.66.4.3.	.325.66.4.8.
gyantse	4	4	2.22E-05	1	name	3	gyantse-name	3	3	.name.verb.	.3.1.	.gyantse-name.gyantse-verb.	.3.1.	.3.1.
putrefying	13	0	0.0002439078	11	verb	11	putrefy-verb	11	21	.verb.adjective.	.11.2.	.putrefy-verb.putrefying-adjective.	.11.2.	.21.2.
bugsby	1	1	2.22E-05	1	name	1	bugsby-name	1	1	.name.	.1.	.bugsby-name.	.1.	.1.
reaccreditation	10	1	8.87E-05	4	noun	9	reaccreditation-noun	9	10	.noun.name.	.9.1.	.reaccreditation-noun.reaccreditation-name.	.9.1.	.10.1.
fasiltion	4	0	4.43E-05	2	noun	4	fasiltion-noun	4	4	.noun.	.4.	.fasiltion-noun.	.4.	.4.
rabiya	2	2	2.22E-05	1	name	2	rabiya-name	2	2	.name.	.2.	.rabiya-name.	.2.	.2.
collages	37	0	0.0005099891	23	noun	37	collage-noun	37	253	.noun.	.37.	.collage-noun.	.37.	.253.
tureiously	1	0	2.22E-05	1	adverb	1	tureiously-adverb	1	1	.adverb.	.1.	.tureiously-adverb.	.1.	.1.
mohammad	211	211	0.0024612519	111	name	211	mohammad-name	211	211	.name.	.211.	.mohammad-name.	.211.	.211.
ateb	1	0	2.22E-05	1	adjective	1	ateb-adjective	1	1	.adjective.	.1.	.ateb-adjective.	.1.	.1.
khasi	9	8	0.0001108672	5	name	8	khasi-name	8	8	.name.noun.	.8.1.	.khasi-name.khasus-noun.	.8.1.	.8.1.
ciarrhoea	1	0	2.22E-05	1	adjective	1	ciarrhoea-adjective	1	1	.adjective.	.1.	.ciarrhoea-adjective.	.1.	.1.
grindcore	5	1	0.0001108672	5	noun	4	grindcore-noun	4	4	.noun.name.	.4.1.	.grindcore-noun.grindcore-name.	.4.1.	.4.1.
extol	37	1	0.0007095501	32	verb	34	extol-verb	34	102	.verb.noun.name.	.34.2.1.	.extol-verb.extol-noun.extol-name.	.34.2.1.	.102.2.1.
pharm	3	3	4.43E-05	2	name	3	pharm-name	3	3	.name.	.3.	.pharm-name.	.3.	.3.
thomanerschule	4	4	2.22E-05	1	name	4	thomanerschule-name	4	4	.name.	.4.	.thomanerschule-name.	.4.	.4.
mckusker	1	1	2.22E-05	1	name	1	mckusker-name	1	1	.name.	.1.	.mckusker-name.	.1.	.1.
circumnavigates	4	0	8.87E-05	4	verb	3	circumnavigate-verb	3	64	.verb.noun.	.3.1.	.circumnavigate-verb.circumnavigate-noun.	.3.1.	.64.2.
erdal	1	1	2.22E-05	1	name	1	erdal-name	1	1	.name.	.1.	.erdal-name.	.1.	.1.
obsequies	2	0	4.43E-05	2	noun	2	obsequy-noun	2	2	.noun.	.2.	.obsequy-noun.	.2.	.2.
shiep	1	0	2.22E-05	1	noun	1	shiep-noun	1	1	.noun.	.1.	.shiep-noun.	.1.	.1.
sofically	1	0	2.22E-05	1	adverb	1	sofically-adverb	1	1	.adverb.	.1.	.sofically-adverb.	.1.	.1.
renderman	2	2	2.22E-05	1	name	2	renderman-name	2	2	.name.	.2.	.renderman-name.	.2.	.2.
rarrrr	13	13	0.000199561	9	noun	12	rarrrr-noun	12	12	.noun.name.	.12.1.	.rarrrr-noun.rarrrr-name.	.12.1.	.12.1.
prayerfulness	4	0	8.87E-05	4	noun	4	prayerfulness-noun	4	4	.noun.	.4.	.prayerfulness-noun.	.4.	.4.
almaak	1	1	2.22E-05	1	name	1	almaak-name	1	1	.name.	.1.	.almaak-name.	.1.	.1.
hellly	1	0	2.22E-05	1	adverb	1	hellly-adverb	1	1	.adverb.	.1.	.hellly-adverb.	.1.	.1.
kunaal	7	7	2.22E-05	1	name	7	kunaal-name	7	7	.name.	.7.	.kunaal-name.	.7.	.7.
quald	2	0	4.43E-05	2	adjective	2	quald-adjective	2	2	.adjective.	.2.	.quald-adjective.	.2.	.2.
neoplasticism	1	0	2.22E-05	1	noun	1	neoplasticism-noun	1	1	.noun.	.1.	.neoplasticism-noun.	.1.	.1.
lovini	1	1	2.22E-05	1	name	1	lovini-name	1	1	.name.	.1.	.lovini-name.	.1.	.1.
luos	1	1	2.22E-05	1	name	1	luos-name	1	1	.name.	.1.	.luos-name.	.1.	.1.
gunnard	1	1	2.22E-05	1	name	1	gunnard-name	1	1	.name.	.1.	.gunnard-name.	.1.	.1.
quicksteping	1	1	2.22E-05	1	verb	1	quickstep-verb	1	14	.verb.	.1.	.quickstep-verb.	.1.	.14.
swarf	1	1	2.22E-05	1	name	1	swarf-name	1	1	.name.	.1.	.swarf-name.	.1.	.1.
holmead	1	1	2.22E-05	1	name	1	holmead-name	1	1	.name.	.1.	.holmead-name.	.1.	.1.
crrchhh	1	1	2.22E-05	1	name	1	crrchhh-name	1	1	.name.	.1.	.crrchhh-name.	.1.	.1.
offstaend	1	0	2.22E-05	1	verb	1	offstaend-verb	1	1	.verb.	.1.	.offstaend-verb.	.1.	.1.
umgungundlovu	1	0	2.22E-05	1	name	1	umgungundlovu-name	1	1	.name.	.1.	.umgungundlovu-name.	.1.	.1.
pidgins	1	0	2.22E-05	1	noun	1	pidgin-noun	1	13	.noun.	.1.	.pidgin-noun.	.1.	.13.
shinny	8	1	0.0001330406	6	noun	5	shinny-noun	5	5	.noun.adjective.verb.name.	.5.1.1.1.	.shinny-noun.shinny-name.shinny-adjective.shinny-verb.	.5.1.1.1.	.5.1.1.2.
clupea	2	2	2.22E-05	1	name	2	clupea-name	2	2	.name.	.2.	.clupea-name.	.2.	.2.
sloughed	6	0	0.0001108672	5	adjective	3	sloughed-adjective	3	3	.adjective.verb.	.3.3.	.sloughed-adjective.slough-verb.	.3.3.	.3.17.
willig	2	2	2.22E-05	1	name	2	willig-name	2	2	.name.	.2.	.willig-name.	.2.	.2.
glocken	1	1	2.22E-05	1	name	1	glocken-name	1	1	.name.	.1.	.glocken-name.	.1.	.1.
zested	9	0	0.000199561	9	verb	9	zest-verb	9	73	.verb.	.9.	.zest-verb.	.9.	.73.
guacharos	1	0	2.22E-05	1	noun	1	guacharo-noun	1	1	.noun.	.1.	.guacharo-noun.	.1.	.1.
umpa	4	2	6.65E-05	3	noun	3	umpa-noun	3	3	.noun.name.	.3.1.	.umpa-noun.umpa-name.	.3.1.	.3.1.
nursultan	10	10	6.65E-05	3	name	10	nursultan-name	10	10	.name.	.10.	.nursultan-name.	.10.	.10.
lebona	1	1	2.22E-05	1	name	1	lebona-name	1	1	.name.	.1.	.lebona-name.	.1.	.1.
empery	1	1	2.22E-05	1	name	1	empery-name	1	1	.name.	.1.	.empery-name.	.1.	.1.
drakontkwan	1	0	2.22E-05	1	adjective	1	drakontkwan-adjective	1	1	.adjective.	.1.	.drakontkwan-adjective.	.1.	.1.
getunprofessional	1	0	2.22E-05	1	adjective	1	getunprofessional-adjective	1	1	.adjective.	.1.	.getunprofessional-adjective.	.1.	.1.
oh	392066	360546	0.6756025633	30469	interjection	391926	oh-interjection	391926	391926	.interjection.name.noun.	.391926.79.61.	.oh-interjection.oh-name.oh-noun.	.391926.79.61.	.391926.79.63.
panamian	1	1	2.22E-05	1	adjective	1	panamian-adjective	1	1	.adjective.	.1.	.panamian-adjective.	.1.	.1.
shelton	32	32	0.0004878157	22	name	32	shelton-name	32	32	.name.	.32.	.shelton-name.	.32.	.32.
blastable	1	1	2.22E-05	1	adjective	1	blastable-adjective	1	1	.adjective.	.1.	.blastable-adjective.	.1.	.1.
likepeople	2	0	4.43E-05	2	noun	2	likepeople-noun	2	2	.noun.	.2.	.likepeople-noun.	.2.	.2.
shipbrokers	1	0	2.22E-05	1	noun	1	shipbroker-noun	1	1	.noun.	.1.	.shipbroker-noun.	.1.	.1.
a160	2	2	4.43E-05	2	name	2	a160-name	2	2	.name.	.2.	.a160-name.	.2.	.2.
forpeople	2	0	4.43E-05	2	noun	2	forpeople-noun	2	2	.noun.	.2.	.forpeople-noun.	.2.	.2.
prematu	1	0	2.22E-05	1	verb	1	prematu-verb	1	1	.verb.	.1.	.prematu-verb.	.1.	.1.
benders	20	1	0.0004212954	19	noun	20	bender-noun	20	126	.noun.	.20.	.bender-noun.	.20.	.126.
dominantly	5	0	0.0001108672	5	adverb	5	dominantly-adverb	5	5	.adverb.	.5.	.dominantly-adverb.	.5.	.5.
pennsylvanian	4	4	8.87E-05	4	name	3	pennsylvanian-name	3	3	.name.adjective.	.3.1.	.pennsylvanian-name.pennsylvanian-adjective.	.3.1.	.3.1.
passwords	105	8	0.0017073549	77	noun	102	password-noun	102	649	.noun.name.	.102.3.	.password-noun.passwords-name.	.102.3.	.649.3.
britishent	1	1	2.22E-05	1	adjective	1	britishent-adjective	1	1	.adjective.	.1.	.britishent-adjective.	.1.	.1.
thoes	1	0	2.22E-05	1	verb	1	tho-verb	1	14	.verb.	.1.	.tho-verb.	.1.	.14.
corncockle	6	1	0.0001330406	6	noun	4	corncockle-noun	4	4	.noun.adjective.name.	.4.1.1.	.corncockle-noun.corncockle-name.corncockle-adjective.	.4.1.1.	.4.1.1.
kucharski	2	2	4.43E-05	2	name	2	kucharski-name	2	2	.name.	.2.	.kucharski-name.	.2.	.2.
novaya	3	3	6.65E-05	3	name	3	novaya-name	3	3	.name.	.3.	.novaya-name.	.3.	.3.
bindel	7	7	8.87E-05	4	name	7	bindel-name	7	7	.name.	.7.	.bindel-name.	.7.	.7.
gadha	1	0	2.22E-05	1	noun	1	gadha-noun	1	1	.noun.	.1.	.gadha-noun.	.1.	.1.
treadworth	1	1	2.22E-05	1	name	1	treadworth-name	1	1	.name.	.1.	.treadworth-name.	.1.	.1.
inebriation	4	0	8.87E-05	4	noun	4	inebriation-noun	4	4	.noun.	.4.	.inebriation-noun.	.4.	.4.
aljoint	4	0	8.87E-05	4	name	4	aljoint-name	4	4	.name.	.4.	.aljoint-name.	.4.	.4.
portor	1	1	2.22E-05	1	name	1	portor-name	1	1	.name.	.1.	.portor-name.	.1.	.1.
annor	1	1	2.22E-05	1	name	1	annor-name	1	1	.name.	.1.	.annor-name.	.1.	.1.
germinate	164	9	0.0026608129	120	verb	153	germinate-verb	153	231	.verb.name.noun.	.153.9.2.	.germinate-verb.germinate-name.germinate-noun.	.153.9.2.	.231.9.4.
menuhin	31	31	0.0004656423	21	name	31	menuhin-name	31	31	.name.	.31.	.menuhin-name.	.31.	.31.
taitsing	1	0	2.22E-05	1	verb	1	taitse-verb	1	1	.verb.	.1.	.taitse-verb.	.1.	.1.
unsmelling	1	0	2.22E-05	1	adjective	1	unsmelling-adjective	1	1	.adjective.	.1.	.unsmelling-adjective.	.1.	.1.
anemophilous	1	0	2.22E-05	1	adjective	1	anemophilous-adjective	1	1	.adjective.	.1.	.anemophilous-adjective.	.1.	.1.
canticle	4	1	6.65E-05	3	noun	3	canticle-noun	3	5	.noun.name.	.3.1.	.canticle-noun.canticle-name.	.3.1.	.5.1.
mikhailichenko	1	1	2.22E-05	1	name	1	mikhailichenko-name	1	1	.name.	.1.	.mikhailichenko-name.	.1.	.1.
drysuits	2	0	4.43E-05	2	noun	2	drysuit-noun	2	4	.noun.	.2.	.drysuit-noun.	.2.	.4.
winterish	2	0	4.43E-05	2	adjective	2	winterish-adjective	2	2	.adjective.	.2.	.winterish-adjective.	.2.	.2.
maarsen	2	2	2.22E-05	1	name	2	maarsen-name	2	2	.name.	.2.	.maarsen-name.	.2.	.2.
doingslost	1	0	2.22E-05	1	noun	1	doingslost-noun	1	1	.noun.	.1.	.doingslost-noun.	.1.	.1.
pyt	2	2	4.43E-05	2	name	2	pyt-name	2	2	.name.	.2.	.pyt-name.	.2.	.2.
pereffectly	1	0	2.22E-05	1	adverb	1	pereffectly-adverb	1	1	.adverb.	.1.	.pereffectly-adverb.	.1.	.1.
crimina	3	0	4.43E-05	2	noun	3	crimina-noun	3	3	.noun.	.3.	.crimina-noun.	.3.	.3.
mchere	1	1	2.22E-05	1	name	1	mchere-name	1	1	.name.	.1.	.mchere-name.	.1.	.1.
critise	1	0	2.22E-05	1	verb	1	critise-verb	1	2	.verb.	.1.	.critise-verb.	.1.	.2.
terrazzo	7	2	0.0001552141	7	noun	7	terrazzo-noun	7	7	.noun.	.7.	.terrazzo-noun.	.7.	.7.
wingseeds	1	0	2.22E-05	1	noun	1	wingseed-noun	1	2	.noun.	.1.	.wingseed-noun.	.1.	.2.
carvearies	1	0	2.22E-05	1	noun	1	carveary-noun	1	1	.noun.	.1.	.carveary-noun.	.1.	.1.
camomile	66	16	0.0012638861	57	noun	32	camomile-noun	32	32	.noun.adjective.name.verb.	.32.16.16.2.	.camomile-noun.camomile-name.camomile-adjective.camomile-verb.	.32.16.16.2.	.32.16.16.2.
invoid	1	0	2.22E-05	1	verb	1	invoid-verb	1	1	.verb.	.1.	.invoid-verb.	.1.	.1.
flecked	32	0	0.0007095501	32	verb	29	fleck-verb	29	37	.verb.adjective.	.29.3.	.fleck-verb.flecked-adjective.	.29.3.	.37.3.
glorificamus	7	6	0.0001330406	6	name	6	glorificamus-name	6	6	.name.noun.	.6.1.	.glorificamus-name.glorificamus-noun.	.6.1.	.6.1.
bubonica	1	0	2.22E-05	1	noun	1	bubonica-noun	1	1	.noun.	.1.	.bubonica-noun.	.1.	.1.
barg	1	0	2.22E-05	1	noun	1	barg-noun	1	1	.noun.	.1.	.barg-noun.	.1.	.1.
sneakily	52	5	0.0011308455	51	adverb	52	sneakily-adverb	52	52	.adverb.	.52.	.sneakily-adverb.	.52.	.52.
innocencing	1	0	2.22E-05	1	verb	1	innocence-verb	1	1	.verb.	.1.	.innocence-verb.	.1.	.1.
mcfryaway	1	1	2.22E-05	1	name	1	mcfryaway-name	1	1	.name.	.1.	.mcfryaway-name.	.1.	.1.
reefpg	1	0	2.22E-05	1	verb	1	reefpg-verb	1	1	.verb.	.1.	.reefpg-verb.	.1.	.1.
splendide	5	3	6.65E-05	3	name	3	splendide-name	3	3	.name.noun.	.3.2.	.splendide-name.splendide-noun.	.3.2.	.3.2.
groundsheet	10	0	0.000199561	9	noun	10	groundsheet-noun	10	10	.noun.	.10.	.groundsheet-noun.	.10.	.10.
woodness	1	0	2.22E-05	1	noun	1	woodness-noun	1	1	.noun.	.1.	.woodness-noun.	.1.	.1.
takenering	1	0	2.22E-05	1	verb	1	takener-verb	1	1	.verb.	.1.	.takener-verb.	.1.	.1.
yohhh	1	1	2.22E-05	1	name	1	yohhh-name	1	1	.name.	.1.	.yohhh-name.	.1.	.1.
againess	1	0	2.22E-05	1	noun	1	againess-noun	1	1	.noun.	.1.	.againess-noun.	.1.	.1.
ejecter	1	0	2.22E-05	1	noun	1	ejecter-noun	1	1	.noun.	.1.	.ejecter-noun.	.1.	.1.
doorsteped	1	0	2.22E-05	1	adjective	1	doorsteped-adjective	1	1	.adjective.	.1.	.doorsteped-adjective.	.1.	.1.
conoco	5	5	6.65E-05	3	name	5	conoco-name	5	5	.name.	.5.	.conoco-name.	.5.	.5.
neutroceutical	1	0	2.22E-05	1	adjective	1	neutroceutical-adjective	1	1	.adjective.	.1.	.neutroceutical-adjective.	.1.	.1.
kippered	16	0	0.0003326016	15	verb	14	kipper-verb	14	24	.verb.adjective.	.14.2.	.kipper-verb.kippered-adjective.	.14.2.	.24.2.
swillin	1	0	2.22E-05	1	verb	1	swillin-verb	1	1	.verb.	.1.	.swillin-verb.	.1.	.1.
spiritful	1	0	2.22E-05	1	adjective	1	spiritful-adjective	1	1	.adjective.	.1.	.spiritful-adjective.	.1.	.1.
mgoing	2	0	4.43E-05	2	verb	2	mgo-verb	2	2	.verb.	.2.	.mgo-verb.	.2.	.2.
ngbongelebo	1	0	2.22E-05	1	noun	1	ngbongelebo-noun	1	1	.noun.	.1.	.ngbongelebo-noun.	.1.	.1.
bumposaurus	17	17	2.22E-05	1	name	17	bumposaurus-name	17	17	.name.	.17.	.bumposaurus-name.	.17.	.17.
alexander	4135	4133	0.0423956185	1912	name	4133	alexander-name	4133	4133	.name.noun.	.4133.2.	.alexander-name.alexander-noun.	.4133.2.	.4133.5.
fondue	216	21	0.0023060378	104	noun	167	fondue-noun	167	168	.noun.adjective.name.verb.	.167.27.21.1.	.fondue-noun.fondue-adjective.fondue-name.fondue-verb.	.167.27.21.1.	.168.27.21.1.
quarlg	1	0	2.22E-05	1	verb	1	quarlg-verb	1	1	.verb.	.1.	.quarlg-verb.	.1.	.1.
parsi	13	12	0.0001552141	7	name	12	parsi-name	12	12	.name.unclassified.	.12.1.	.parsi-name.parsi-unclassified.	.12.1.	.12.1.
featurettes	2	0	4.43E-05	2	noun	2	featurette-noun	2	3	.noun.	.2.	.featurette-noun.	.2.	.3.
druv	2	1	4.43E-05	2	noun	1	druv-noun	1	1	.noun.name.	.1.1.	.druv-noun.druv-name.	.1.1.	.1.1.
heatstroke	14	2	0.0002882547	13	noun	12	heatstroke-noun	12	12	.noun.name.	.12.2.	.heatstroke-noun.heatstroke-name.	.12.2.	.12.2.
snu	36	3	0.0007760704	35	noun	17	snu-noun	17	17	.noun.verb.name.	.17.16.3.	.snu-noun.snu-verb.snu-name.	.17.16.3.	.17.16.3.
anak	1	1	2.22E-05	1	name	1	anak-name	1	1	.name.	.1.	.anak-name.	.1.	.1.
prescribe	265	0	0.0048338101	218	verb	265	prescribe-verb	265	788	.verb.	.265.	.prescribe-verb.	.265.	.788.
jamzy	6	6	2.22E-05	1	name	6	jamzy-name	6	6	.name.	.6.	.jamzy-name.	.6.	.6.
walkham	5	5	4.43E-05	2	name	5	walkham-name	5	5	.name.	.5.	.walkham-name.	.5.	.5.
eliaz	2	2	4.43E-05	2	name	2	eliaz-name	2	2	.name.	.2.	.eliaz-name.	.2.	.2.
passer	151	3	0.0031264551	141	noun	146	passer-noun	146	323	.noun.name.verb.	.146.3.2.	.passer-noun.passer-name.passer-verb.	.146.3.2.	.323.3.2.
ctesibius	1	1	2.22E-05	1	name	1	ctesibius-name	1	1	.name.	.1.	.ctesibius-name.	.1.	.1.
gnothi	1	1	2.22E-05	1	name	1	gnothi-name	1	1	.name.	.1.	.gnothi-name.	.1.	.1.
scutum	6	2	6.65E-05	3	noun	5	scutum-noun	5	6	.noun.name.	.5.1.	.scutum-noun.scutum-name.	.5.1.	.6.1.
khapi	1	1	2.22E-05	1	name	1	khapi-name	1	1	.name.	.1.	.khapi-name.	.1.	.1.
antoinette	246	246	0.0028825473	130	name	241	antoinette-name	241	241	.name.adjective.noun.	.241.4.1.	.antoinette-name.antoinette-adjective.antoinette-noun.	.241.4.1.	.241.4.1.
belsky	2	2	2.22E-05	1	name	2	belsky-name	2	2	.name.	.2.	.belsky-name.	.2.	.2.
gores	10	5	0.0001108672	5	noun	5	gore-noun	5	6	.noun.name.	.5.5.	.gore-noun.gores-name.	.5.5.	.6.5.
reems	4	1	8.87E-05	4	noun	4	reem-noun	4	24	.noun.	.4.	.reem-noun.	.4.	.24.
annaud	2	2	4.43E-05	2	name	2	annaud-name	2	2	.name.	.2.	.annaud-name.	.2.	.2.
clustered	82	2	0.0017960487	81	verb	82	cluster-verb	82	103	.verb.	.82.	.cluster-verb.	.82.	.103.
bhulaake	1	0	2.22E-05	1	noun	1	bhulaake-noun	1	1	.noun.	.1.	.bhulaake-noun.	.1.	.1.
precariously	88	1	0.0018847425	85	adverb	88	precariously-adverb	88	88	.adverb.	.88.	.precariously-adverb.	.88.	.88.
rudebox	12	9	8.87E-05	4	name	9	rudebox-name	9	9	.name.verb.	.9.3.	.rudebox-name.rudebox-verb.	.9.3.	.9.3.
tuat	1	1	2.22E-05	1	name	1	tuat-name	1	1	.name.	.1.	.tuat-name.	.1.	.1.
pediococcus	1	0	2.22E-05	1	noun	1	pediococcus-noun	1	1	.noun.	.1.	.pediococcus-noun.	.1.	.1.
mangalitzas	12	12	2.22E-05	1	name	12	mangalitzas-name	12	12	.name.	.12.	.mangalitzas-name.	.12.	.12.
grass456	2	0	4.43E-05	2	noun	1	grass456-noun	1	1	.noun.number.	.1.1.	.grass456-noun.grass456-number.	.1.1.	.1.1.
walke	2	2	4.43E-05	2	name	2	walke-name	2	2	.name.	.2.	.walke-name.	.2.	.2.
harmmen	1	0	2.22E-05	1	noun	1	harmman-noun	1	1	.noun.	.1.	.harmman-noun.	.1.	.1.
ceathairne	1	0	2.22E-05	1	noun	1	ceathairne-noun	1	1	.noun.	.1.	.ceathairne-noun.	.1.	.1.
welterwight	1	0	2.22E-05	1	adjective	1	welterwight-adjective	1	1	.adjective.	.1.	.welterwight-adjective.	.1.	.1.
refreshs	2	0	4.43E-05	2	verb	2	refresh-verb	2	651	.verb.	.2.	.refresh-verb.	.2.	.651.
berklee	2	2	4.43E-05	2	name	2	berklee-name	2	2	.name.	.2.	.berklee-name.	.2.	.2.
cafard	2	0	2.22E-05	1	unclassified	2	cafard-unclassified	2	2	.unclassified.	.2.	.cafard-unclassified.	.2.	.2.
deviants	17	3	0.0002439078	11	noun	16	deviant-noun	16	16	.noun.name.	.16.1.	.deviant-noun.deviants-name.	.16.1.	.16.1.
cameko	1	0	2.22E-05	1	noun	1	cameko-noun	1	1	.noun.	.1.	.cameko-noun.	.1.	.1.
prancing	108	15	0.0020843034	94	verb	105	prance-verb	105	171	.verb.noun.	.105.3.	.prance-verb.prancing-noun.	.105.3.	.171.3.
heckmair	10	10	2.22E-05	1	name	10	heckmair-name	10	10	.name.	.10.	.heckmair-name.	.10.	.10.
hoelle	1	1	2.22E-05	1	name	1	hoelle-name	1	1	.name.	.1.	.hoelle-name.	.1.	.1.
requiescat	3	1	6.65E-05	3	noun	2	requiescat-noun	2	2	.noun.name.	.2.1.	.requiescat-noun.requiescat-name.	.2.1.	.2.1.
bobbedy	1	1	2.22E-05	1	name	1	bobbedy-name	1	1	.name.	.1.	.bobbedy-name.	.1.	.1.
lezion	1	1	2.22E-05	1	name	1	lezion-name	1	1	.name.	.1.	.lezion-name.	.1.	.1.
sondra	6	6	8.87E-05	4	name	6	sondra-name	6	6	.name.	.6.	.sondra-name.	.6.	.6.
funki	4	3	4.43E-05	2	name	3	funki-name	3	3	.name.adjective.	.3.1.	.funki-name.funki-adjective.	.3.1.	.3.1.
spob	1	0	2.22E-05	1	adjective	1	spob-adjective	1	1	.adjective.	.1.	.spob-adjective.	.1.	.1.
lanteglos	1	1	2.22E-05	1	name	1	lanteglos-name	1	1	.name.	.1.	.lanteglos-name.	.1.	.1.
springss	1	0	2.22E-05	1	noun	1	springss-noun	1	1	.noun.	.1.	.springss-noun.	.1.	.1.
nerts	1	0	2.22E-05	1	noun	1	nert-noun	1	5	.noun.	.1.	.nert-noun.	.1.	.5.
patric	60	60	6.65E-05	3	name	55	patric-name	55	55	.name.adjective.verb.	.55.4.1.	.patric-name.patric-adjective.patric-verb.	.55.4.1.	.55.4.1.
voluptuously	1	0	2.22E-05	1	adverb	1	voluptuously-adverb	1	1	.adverb.	.1.	.voluptuously-adverb.	.1.	.1.
drapped	2	0	4.43E-05	2	verb	2	drapp-verb	2	2	.verb.	.2.	.drapp-verb.	.2.	.2.
psshh	6	3	8.87E-05	4	noun	4	psshh-noun	4	4	.noun.name.	.4.2.	.psshh-noun.psshh-name.	.4.2.	.4.2.
willie	2030	2016	0.0176500588	796	name	2016	willie-name	2016	2016	.name.noun.	.2016.14.	.willie-name.willie-noun.	.2016.14.	.2016.100.
zinzendorf	2	2	2.22E-05	1	name	2	zinzendorf-name	2	2	.name.	.2.	.zinzendorf-name.	.2.	.2.
cigars	297	30	0.0049446773	223	noun	295	cigar-noun	295	1070	.noun.name.	.295.2.	.cigar-noun.cigars-name.	.295.2.	.1070.2.
growlox	1	1	2.22E-05	1	name	1	growlox-name	1	1	.name.	.1.	.growlox-name.	.1.	.1.
mst	5	5	6.65E-05	3	name	5	mst-name	5	5	.name.	.5.	.mst-name.	.5.	.5.
retinopathy	5	1	8.87E-05	4	noun	4	retinopathy-noun	4	4	.noun.name.	.4.1.	.retinopathy-noun.retinopathy-name.	.4.1.	.4.1.
st220s	1	1	2.22E-05	1	noun	1	st220-noun	1	1	.noun.	.1.	.st220-noun.	.1.	.1.
devee	1	0	2.22E-05	1	adjective	1	devee-adjective	1	1	.adjective.	.1.	.devee-adjective.	.1.	.1.
denna	2	2	2.22E-05	1	name	2	denna-name	2	2	.name.	.2.	.denna-name.	.2.	.2.
ije	1	1	2.22E-05	1	name	1	ije-name	1	1	.name.	.1.	.ije-name.	.1.	.1.
etherised	4	2	6.65E-05	3	verb	2	etherised-name	2	2	.verb.name.	.2.2.	.etherised-name.etherise-verb.	.2.2.	.2.2.
trgs	2	1	4.43E-05	2	noun	2	trg-noun	2	6	.noun.	.2.	.trg-noun.	.2.	.6.
earhole	20	0	0.0004434688	20	noun	11	earhole-noun	11	12	.noun.adjective.verb.	.11.7.2.	.earhole-noun.earhole-adjective.earhole-verb.	.11.7.2.	.12.7.3.
telehomes	1	0	2.22E-05	1	noun	1	telehome-noun	1	1	.noun.	.1.	.telehome-noun.	.1.	.1.
simmentals	1	1	2.22E-05	1	noun	1	simmental-noun	1	1	.noun.	.1.	.simmental-noun.	.1.	.1.
treliske	7	7	4.43E-05	2	name	7	treliske-name	7	7	.name.	.7.	.treliske-name.	.7.	.7.
provice	2	0	4.43E-05	2	noun	2	provice-noun	2	2	.noun.	.2.	.provice-noun.	.2.	.2.
sprout	486	53	0.0063194306	285	verb	433	sprout-verb	433	836	.verb.name.adjective.noun.	.433.51.1.1.	.sprout-verb.sprout-name.sprout-adjective.sprout-noun.	.433.51.1.1.	.836.51.1.645.
nitrocellulose	2	0	4.43E-05	2	adjective	1	nitrocellulose-noun	1	1	.adjective.noun.	.1.1.	.nitrocellulose-noun.nitrocellulose-adjective.	.1.1.	.1.1.
speedboats	38	3	0.0008204173	37	noun	36	speedboat-noun	36	187	.noun.name.	.36.2.	.speedboat-noun.speedboats-name.	.36.2.	.187.2.
pepssy	1	0	2.22E-05	1	adjective	1	pepssy-adjective	1	1	.adjective.	.1.	.pepssy-adjective.	.1.	.1.
rostropovich	65	65	0.0001330406	6	name	65	rostropovich-name	65	65	.name.	.65.	.rostropovich-name.	.65.	.65.
swashily	2	0	2.22E-05	1	adverb	2	swashily-adverb	2	2	.adverb.	.2.	.swashily-adverb.	.2.	.2.
mitu	1	1	2.22E-05	1	name	1	mitu-name	1	1	.name.	.1.	.mitu-name.	.1.	.1.
crumpton	3	3	4.43E-05	2	name	3	crumpton-name	3	3	.name.	.3.	.crumpton-name.	.3.	.3.
slosh	45	3	0.0008204173	37	verb	31	slosh-verb	31	138	.verb.noun.name.adjective.	.31.10.3.1.	.slosh-verb.slosh-noun.slosh-name.slosh-adjective.	.31.10.3.1.	.138.11.3.1.
gipton	1	1	2.22E-05	1	name	1	gipton-name	1	1	.name.	.1.	.gipton-name.	.1.	.1.
climax	750	11	0.0144349099	651	noun	701	climax-noun	701	712	.noun.verb.name.adjective.	.701.35.11.3.	.climax-noun.climax-verb.climax-name.climax-adjective.	.701.35.11.3.	.712.56.11.3.
lisnaskea	11	11	0.0001552141	7	name	11	lisnaskea-name	11	11	.name.	.11.	.lisnaskea-name.	.11.	.11.
globorum	1	0	2.22E-05	1	noun	1	globorum-noun	1	1	.noun.	.1.	.globorum-noun.	.1.	.1.
joop	16	6	4.43E-05	2	noun	11	joop-noun	11	11	.noun.name.	.11.5.	.joop-noun.joop-name.	.11.5.	.11.5.
exprotion	1	0	2.22E-05	1	noun	1	exprotion-noun	1	1	.noun.	.1.	.exprotion-noun.	.1.	.1.
jeka	2	2	4.43E-05	2	name	2	jeka-name	2	2	.name.	.2.	.jeka-name.	.2.	.2.
bdama	2	2	2.22E-05	1	name	2	bdama-name	2	2	.name.	.2.	.bdama-name.	.2.	.2.
waitangi	7	7	0.0001552141	7	name	7	waitangi-name	7	7	.name.	.7.	.waitangi-name.	.7.	.7.
isbns	1	1	2.22E-05	1	noun	1	isbn-noun	1	1	.noun.	.1.	.isbn-noun.	.1.	.1.
concealing	148	5	0.0029934145	135	verb	148	conceal-verb	148	1015	.verb.	.148.	.conceal-verb.	.148.	.1015.
bacteraemia	2	1	4.43E-05	2	noun	1	bacteraemia-noun	1	1	.noun.name.	.1.1.	.bacteraemia-noun.bacteraemia-name.	.1.1.	.1.1.
proofreading	5	0	0.0001108672	5	verb	5	proofread-verb	5	5	.verb.	.5.	.proofread-verb.	.5.	.5.
sackey	16	16	0.0001108672	5	name	16	sackey-name	16	16	.name.	.16.	.sackey-name.	.16.	.16.
freeville	2	2	2.22E-05	1	name	2	freeville-name	2	2	.name.	.2.	.freeville-name.	.2.	.2.
ciribiribin	1	1	2.22E-05	1	name	1	ciribiribin-name	1	1	.name.	.1.	.ciribiribin-name.	.1.	.1.
denkyria	1	1	2.22E-05	1	name	1	denkyria-name	1	1	.name.	.1.	.denkyria-name.	.1.	.1.
spitfire	645	632	0.0043903412	198	name	547	spitfire-name	547	547	.name.noun.adjective.verb.unclassified.	.547.47.46.4.1.	.spitfire-name.spitfire-noun.spitfire-adjective.spitfire-verb.spitfire-unclassified.	.547.47.46.4.1.	.547.173.46.5.1.
indefensible	143	4	0.0026386394	119	adjective	137	indefensible-adjective	137	137	.adjective.name.noun.	.137.4.2.	.indefensible-adjective.indefensible-name.indefensible-noun.	.137.4.2.	.137.4.2.
crackula	1	1	2.22E-05	1	name	1	crackula-name	1	1	.name.	.1.	.crackula-name.	.1.	.1.
exdown	1	0	2.22E-05	1	verb	1	exdown-verb	1	1	.verb.	.1.	.exdown-verb.	.1.	.1.
ossi	1	1	2.22E-05	1	name	1	ossi-name	1	1	.name.	.1.	.ossi-name.	.1.	.1.
frauders	1	0	2.22E-05	1	noun	1	frauder-noun	1	1	.noun.	.1.	.frauder-noun.	.1.	.1.
truckapillar	1	0	2.22E-05	1	noun	1	truckapillar-noun	1	1	.noun.	.1.	.truckapillar-noun.	.1.	.1.
frostys	1	1	2.22E-05	1	name	1	frostys-name	1	1	.name.	.1.	.frostys-name.	.1.	.1.
svelte	28	3	0.000554336	25	adjective	27	svelte-adjective	27	27	.adjective.verb.	.27.1.	.svelte-adjective.svelte-verb.	.27.1.	.27.1.
abolishment	5	0	0.0001108672	5	noun	5	abolishment-noun	5	5	.noun.	.5.	.abolishment-noun.	.5.	.5.
vacates	2	0	4.43E-05	2	verb	2	vacate-verb	2	161	.verb.	.2.	.vacate-verb.	.2.	.161.
baham	3	2	4.43E-05	2	name	2	baham-name	2	2	.name.noun.	.2.1.	.baham-name.baham-noun.	.2.1.	.2.1.
bradfords	4	4	6.65E-05	3	name	4	bradfords-name	4	4	.name.	.4.	.bradfords-name.	.4.	.4.
phreatomagmatic	1	0	2.22E-05	1	adjective	1	phreatomagmatic-adjective	1	1	.adjective.	.1.	.phreatomagmatic-adjective.	.1.	.1.
henssien	1	1	2.22E-05	1	name	1	henssien-name	1	1	.name.	.1.	.henssien-name.	.1.	.1.
thron	1	0	2.22E-05	1	noun	1	thron-noun	1	1	.noun.	.1.	.thron-noun.	.1.	.1.
moveric	1	0	2.22E-05	1	adjective	1	moveric-adjective	1	1	.adjective.	.1.	.moveric-adjective.	.1.	.1.
caquelon	2	1	2.22E-05	1	noun	1	caquelon-name	1	1	.noun.name.	.1.1.	.caquelon-name.caquelon-noun.	.1.1.	.1.1.
ptfa	1	1	2.22E-05	1	name	1	ptfa-name	1	1	.name.	.1.	.ptfa-name.	.1.	.1.
gmos	5	5	8.87E-05	4	noun	4	gmo-noun	4	4	.noun.verb.	.4.1.	.gmo-noun.gmo-verb.	.4.1.	.4.1.
probaltam	1	1	2.22E-05	1	name	1	probaltam-name	1	1	.name.	.1.	.probaltam-name.	.1.	.1.
vibgt	1	0	2.22E-05	1	noun	1	vibgt-noun	1	1	.noun.	.1.	.vibgt-noun.	.1.	.1.
euphoniums	1	0	2.22E-05	1	noun	1	euphonium-noun	1	51	.noun.	.1.	.euphonium-noun.	.1.	.51.
legg	86	85	0.0010643252	48	name	85	legg-name	85	85	.name.noun.	.85.1.	.legg-name.legg-noun.	.85.1.	.85.1.
drings	1	1	2.22E-05	1	noun	1	dring-noun	1	3	.noun.	.1.	.dring-noun.	.1.	.3.
getreidergasse	1	1	2.22E-05	1	name	1	getreidergasse-name	1	1	.name.	.1.	.getreidergasse-name.	.1.	.1.
ackland	11	11	0.0001552141	7	name	11	ackland-name	11	11	.name.	.11.	.ackland-name.	.11.	.11.
songwriting	182	9	0.0026608129	120	verb	94	songwrit-verb	94	94	.verb.noun.adjective.name.	.94.61.25.2.	.songwrit-verb.songwriting-noun.songwriting-adjective.songwriting-name.	.94.61.25.2.	.94.61.25.2.
misker	1	0	2.22E-05	1	noun	1	misker-noun	1	1	.noun.	.1.	.misker-noun.	.1.	.1.
yellowjacket	2	0	4.43E-05	2	noun	2	yellowjacket-noun	2	2	.noun.	.2.	.yellowjacket-noun.	.2.	.2.
clossed	1	0	2.22E-05	1	verb	1	closs-verb	1	1	.verb.	.1.	.closs-verb.	.1.	.1.
ceren	1	1	2.22E-05	1	name	1	ceren-name	1	1	.name.	.1.	.ceren-name.	.1.	.1.
rer	19	0	0.0004212954	19	noun	15	rer-noun	15	16	.noun.preposition.unclassified.verb.	.15.2.1.1.	.rer-noun.rer-preposition.rer-verb.rer-unclassified.	.15.2.1.1.	.16.2.4.1.
hech	5	0	8.87E-05	4	verb	3	hech-verb	3	4	.verb.noun.	.3.2.	.hech-verb.hech-noun.	.3.2.	.4.2.
calender	4	1	8.87E-05	4	noun	3	calender-noun	3	3	.noun.name.	.3.1.	.calender-noun.calender-name.	.3.1.	.3.1.
tiference	1	0	2.22E-05	1	noun	1	tiference-noun	1	1	.noun.	.1.	.tiference-noun.	.1.	.1.
westering	1	1	2.22E-05	1	verb	1	wester-verb	1	1	.verb.	.1.	.wester-verb.	.1.	.1.
zifrplt	1	0	2.22E-05	1	noun	1	zifrplt-noun	1	1	.noun.	.1.	.zifrplt-noun.	.1.	.1.
blutarsky	2	2	2.22E-05	1	name	2	blutarsky-name	2	2	.name.	.2.	.blutarsky-name.	.2.	.2.
elance	2	0	4.43E-05	2	unclassified	2	elance-unclassified	2	2	.unclassified.	.2.	.elance-unclassified.	.2.	.2.
pelagos	1	1	2.22E-05	1	name	1	pelagos-name	1	1	.name.	.1.	.pelagos-name.	.1.	.1.
theyselves	2	0	2.22E-05	1	noun	2	theyselve-noun	2	2	.noun.	.2.	.theyselve-noun.	.2.	.2.
surreally	4	0	8.87E-05	4	adverb	4	surreally-adverb	4	4	.adverb.	.4.	.surreally-adverb.	.4.	.4.
pesticide	100	26	0.0013969268	63	noun	90	pesticide-noun	90	361	.noun.name.verb.	.90.9.1.	.pesticide-noun.pesticide-name.pesticide-verb.	.90.9.1.	.361.9.1.
lewsey	13	13	0.0001552141	7	name	13	lewsey-name	13	13	.name.	.13.	.lewsey-name.	.13.	.13.
elfwn	1	1	2.22E-05	1	name	1	elfwn-name	1	1	.name.	.1.	.elfwn-name.	.1.	.1.
burgeons	1	0	2.22E-05	1	noun	1	burgeon-noun	1	11	.noun.	.1.	.burgeon-noun.	.1.	.11.
boches	1	1	2.22E-05	1	name	1	boches-name	1	1	.name.	.1.	.boches-name.	.1.	.1.
itana	3	3	2.22E-05	1	name	3	itana-name	3	3	.name.	.3.	.itana-name.	.3.	.3.
conon	3	3	6.65E-05	3	name	3	conon-name	3	3	.name.	.3.	.conon-name.	.3.	.3.
linesman	246	1	0.0039025256	176	noun	244	linesman-noun	244	274	.noun.verb.name.	.244.1.1.	.linesman-noun.linesman-verb.linesman-name.	.244.1.1.	.274.1.1.
shui	135	53	0.0011973658	54	noun	77	shuus-noun	77	77	.noun.name.adjective.unclassified.	.77.53.4.1.	.shuus-noun.shui-name.shui-adjective.shui-unclassified.	.77.53.4.1.	.77.53.4.1.
ktb	1	1	2.22E-05	1	name	1	ktb-name	1	1	.name.	.1.	.ktb-name.	.1.	.1.
disquauld	1	0	2.22E-05	1	verb	1	disquauld-verb	1	1	.verb.	.1.	.disquauld-verb.	.1.	.1.
ganists	1	0	2.22E-05	1	noun	1	ganist-noun	1	1	.noun.	.1.	.ganist-noun.	.1.	.1.
ceiliog	2	1	4.43E-05	2	noun	1	ceiliog-noun	1	1	.noun.name.	.1.1.	.ceiliog-noun.ceiliog-name.	.1.1.	.1.1.
rejuvenator	6	5	6.65E-05	3	name	5	rejuvenator-name	5	5	.name.noun.	.5.1.	.rejuvenator-name.rejuvenator-noun.	.5.1.	.5.1.
ebeneezer	6	6	0.0001108672	5	name	6	ebeneezer-name	6	6	.name.	.6.	.ebeneezer-name.	.6.	.6.
cascade	196	49	0.0031042817	140	noun	147	cascade-noun	147	203	.noun.name.	.147.49.	.cascade-noun.cascade-name.	.147.49.	.203.49.
stoirp	1	0	2.22E-05	1	noun	1	stoirp-noun	1	1	.noun.	.1.	.stoirp-noun.	.1.	.1.
towardss	1	0	2.22E-05	1	noun	1	towardss-noun	1	1	.noun.	.1.	.towardss-noun.	.1.	.1.
queso	128	119	0.0002217344	10	name	118	queso-name	118	118	.name.noun.	.118.10.	.queso-name.queso-noun.	.118.10.	.118.11.
goatfish	13	1	4.43E-05	2	noun	9	goatfish-noun	9	9	.noun.adjective.name.	.9.3.1.	.goatfish-noun.goatfish-adjective.goatfish-name.	.9.3.1.	.9.3.1.
duplum	5	2	2.22E-05	1	noun	3	duplum-noun	3	3	.noun.name.	.3.2.	.duplum-noun.duplum-name.	.3.2.	.3.2.
orioles	3	2	6.65E-05	3	name	2	orioles-name	2	2	.name.noun.	.2.1.	.orioles-name.oriole-noun.	.2.1.	.2.9.
ljungberg	14	14	0.0001108672	5	name	14	ljungberg-name	14	14	.name.	.14.	.ljungberg-name.	.14.	.14.
seraphic	2	1	4.43E-05	2	adjective	1	seraphic-adjective	1	1	.adjective.name.	.1.1.	.seraphic-adjective.seraphic-name.	.1.1.	.1.1.
haaa	55	29	0.001108672	50	noun	37	haaa-noun	37	37	.noun.name.unclassified.	.37.15.3.	.haaa-noun.haaa-name.haaa-unclassified.	.37.15.3.	.37.15.3.
thrfb	1	1	2.22E-05	1	name	1	thrfb-name	1	1	.name.	.1.	.thrfb-name.	.1.	.1.
mait	1	1	2.22E-05	1	name	1	mait-name	1	1	.name.	.1.	.mait-name.	.1.	.1.
laimh	17	0	4.43E-05	2	noun	17	laimh-noun	17	17	.noun.	.17.	.laimh-noun.	.17.	.17.
chapette	1	0	2.22E-05	1	noun	1	chapette-noun	1	1	.noun.	.1.	.chapette-noun.	.1.	.1.
dinamo	4	4	8.87E-05	4	name	4	dinamo-name	4	4	.name.	.4.	.dinamo-name.	.4.	.4.
inconsoe	1	0	2.22E-05	1	adjective	1	inconsoe-adjective	1	1	.adjective.	.1.	.inconsoe-adjective.	.1.	.1.
utopian	102	41	0.0017960487	81	adjective	101	utopian-adjective	101	101	.adjective.verb.	.101.1.	.utopian-adjective.utopian-verb.	.101.1.	.101.1.
amaz	6	0	0.0001330406	6	noun	5	amaz-noun	5	5	.noun.adjective.	.5.1.	.amaz-noun.amaz-adjective.	.5.1.	.5.1.
mcallisters	2	2	4.43E-05	2	noun	2	mcallister-noun	2	2	.noun.	.2.	.mcallister-noun.	.2.	.2.
nern	6	1	0.0001108672	5	noun	4	nern-noun	4	4	.noun.adjective.name.	.4.1.1.	.nern-noun.nern-name.nern-adjective.	.4.1.1.	.4.1.1.
ingot	50	1	0.0007317235	33	noun	50	ingot-noun	50	106	.noun.	.50.	.ingot-noun.	.50.	.106.
plesiosaur	10	4	0.0001330406	6	noun	6	plesiosaur-noun	6	11	.noun.name.	.6.4.	.plesiosaur-noun.plesiosaur-name.	.6.4.	.11.4.
kapivee	1	1	2.22E-05	1	name	1	kapivee-name	1	1	.name.	.1.	.kapivee-name.	.1.	.1.
camgrain	5	5	2.22E-05	1	name	5	camgrain-name	5	5	.name.	.5.	.camgrain-name.	.5.	.5.
pitas	1	0	2.22E-05	1	noun	1	pita-noun	1	14	.noun.	.1.	.pita-noun.	.1.	.14.
dhami	2	2	4.43E-05	2	name	2	dhami-name	2	2	.name.	.2.	.dhami-name.	.2.	.2.
nole	3	0	4.43E-05	2	noun	3	nole-noun	3	3	.noun.	.3.	.nole-noun.	.3.	.3.
talkingpoint	1	1	2.22E-05	1	name	1	talkingpoint-name	1	1	.name.	.1.	.talkingpoint-name.	.1.	.1.
shagging	317	17	0.0052551054	237	verb	287	shag-verb	287	712	.verb.noun.name.	.287.27.3.	.shag-verb.shagging-noun.shagging-name.	.287.27.3.	.712.27.3.
messagor	1	0	2.22E-05	1	noun	1	messagor-noun	1	1	.noun.	.1.	.messagor-noun.	.1.	.1.
vb	11	9	0.0001773875	8	name	8	vb-name	8	8	.name.verb.noun.	.8.2.1.	.vb-name.vb-verb.vb-noun.	.8.2.1.	.8.2.3.
gehimmelshickelwurstgarten	1	1	2.22E-05	1	name	1	gehimmelshickelwurstgarten-name	1	1	.name.	.1.	.gehimmelshickelwurstgarten-name.	.1.	.1.
lynott	24	24	0.000199561	9	name	24	lynott-name	24	24	.name.	.24.	.lynott-name.	.24.	.24.
kunnng	1	1	2.22E-05	1	name	1	kunnng-name	1	1	.name.	.1.	.kunnng-name.	.1.	.1.
abwet	1	0	2.22E-05	1	verb	1	abwet-verb	1	1	.verb.	.1.	.abwet-verb.	.1.	.1.
marychurch	3	3	4.43E-05	2	name	3	marychurch-name	3	3	.name.	.3.	.marychurch-name.	.3.	.3.
mwaar	1	1	2.22E-05	1	noun	1	mwaar-noun	1	1	.noun.	.1.	.mwaar-noun.	.1.	.1.
stphrot	1	0	2.22E-05	1	verb	1	stphrot-verb	1	1	.verb.	.1.	.stphrot-verb.	.1.	.1.
colnbrook	4	4	6.65E-05	3	name	4	colnbrook-name	4	4	.name.	.4.	.colnbrook-name.	.4.	.4.
skims	21	1	0.0004434688	20	verb	13	skim-verb	13	546	.verb.noun.name.	.13.7.1.	.skim-verb.skim-noun.skims-name.	.13.7.1.	.546.7.1.
hardyman	1	1	2.22E-05	1	name	1	hardyman-name	1	1	.name.	.1.	.hardyman-name.	.1.	.1.
hyacinthoides	1	1	2.22E-05	1	noun	1	hyacinthoide-noun	1	1	.noun.	.1.	.hyacinthoide-noun.	.1.	.1.
bienvenu	6	4	0.0001108672	5	name	4	bienvenu-name	4	4	.name.noun.	.4.2.	.bienvenu-name.bienvenu-noun.	.4.2.	.4.2.
casei	8	0	8.87E-05	4	name	6	casei-name	6	6	.name.noun.	.6.2.	.casei-name.caseus-noun.	.6.2.	.6.2.
a897	1	1	2.22E-05	1	name	1	a897-name	1	1	.name.	.1.	.a897-name.	.1.	.1.
enooooormous	1	0	2.22E-05	1	adjective	1	enooooormous-adjective	1	1	.adjective.	.1.	.enooooormous-adjective.	.1.	.1.
pancakey	2	0	4.43E-05	2	noun	2	pancakey-noun	2	2	.noun.	.2.	.pancakey-noun.	.2.	.2.
chalet\/bungalow	1	0	2.22E-05	1	noun	1	chalet\/bungalow-noun	1	1	.noun.	.1.	.chalet\/bungalow-noun.	.1.	.1.
genei	1	1	2.22E-05	1	name	1	genei-name	1	1	.name.	.1.	.genei-name.	.1.	.1.
stockhorn	1	1	2.22E-05	1	name	1	stockhorn-name	1	1	.name.	.1.	.stockhorn-name.	.1.	.1.
islam	2417	2417	0.0166300805	750	name	2417	islam-name	2417	2417	.name.	.2417.	.islam-name.	.2417.	.2417.
labouring	193	6	0.003924699	177	verb	111	labour-verb	111	503	.verb.noun.adjective.name.	.111.70.10.2.	.labour-verb.labouring-noun.labouring-adjective.labouring-name.	.111.70.10.2.	.503.70.10.2.
causal	32	3	0.0005765095	26	adjective	28	causal-adjective	28	28	.adjective.name.noun.	.28.3.1.	.causal-adjective.causal-name.causal-noun.	.28.3.1.	.28.3.1.
krupecaite	4	4	2.22E-05	1	name	4	krupecaite-name	4	4	.name.	.4.	.krupecaite-name.	.4.	.4.
mousinho	6	6	8.87E-05	4	name	6	mousinho-name	6	6	.name.	.6.	.mousinho-name.	.6.	.6.
viner	11	10	0.000199561	9	name	10	viner-name	10	10	.name.noun.	.10.1.	.viner-name.viner-noun.	.10.1.	.10.3.
excesaria	1	0	2.22E-05	1	name	1	excesaria-name	1	1	.name.	.1.	.excesaria-name.	.1.	.1.
theyve	1	0	2.22E-05	1	noun	1	theyve-noun	1	1	.noun.	.1.	.theyve-noun.	.1.	.1.
dextrus	6	6	2.22E-05	1	name	6	dextrus-name	6	6	.name.	.6.	.dextrus-name.	.6.	.6.
front	53021	1161	0.4835583938	21808	noun	37998	front-noun	37998	38741	.noun.adjective.name.adverb.verb.	.37998.14561.426.35.1.	.front-noun.front-adjective.front-name.front-adverb.front-verb.	.37998.14561.426.35.1.	.38741.14561.426.35.336.
inhabitant	80	0	0.0015964877	72	noun	77	inhabitant-noun	77	743	.noun.adjective.	.77.3.	.inhabitant-noun.inhabitant-adjective.	.77.3.	.743.3.
legun	2	2	2.22E-05	1	name	2	legun-name	2	2	.name.	.2.	.legun-name.	.2.	.2.
helmi	2	2	2.22E-05	1	name	2	helmi-name	2	2	.name.	.2.	.helmi-name.	.2.	.2.
cogida	1	0	2.22E-05	1	noun	1	cogida-noun	1	1	.noun.	.1.	.cogida-noun.	.1.	.1.
winch	453	37	0.0046564225	210	noun	271	winch-noun	271	346	.noun.verb.name.adjective.	.271.137.33.12.	.winch-noun.winch-verb.winch-name.winch-adjective.	.271.137.33.12.	.346.359.33.12.
alih	1	0	2.22E-05	1	noun	1	alih-noun	1	1	.noun.	.1.	.alih-noun.	.1.	.1.
trachycarpus	5	2	8.87E-05	4	noun	3	trachycarpus-noun	3	3	.noun.name.	.3.2.	.trachycarpus-noun.trachycarpus-name.	.3.2.	.3.2.
eeyyy	1	0	2.22E-05	1	adjective	1	eeyyy-adjective	1	1	.adjective.	.1.	.eeyyy-adjective.	.1.	.1.
maximurth	1	0	2.22E-05	1	noun	1	maximurth-noun	1	1	.noun.	.1.	.maximurth-noun.	.1.	.1.
sheeftly	1	0	2.22E-05	1	adverb	1	sheeftly-adverb	1	1	.adverb.	.1.	.sheeftly-adverb.	.1.	.1.
woodsmen	16	0	0.0002660813	12	noun	16	woodsman-noun	16	79	.noun.	.16.	.woodsman-noun.	.16.	.79.
cripplingingly	1	0	2.22E-05	1	adverb	1	cripplingingly-adverb	1	1	.adverb.	.1.	.cripplingingly-adverb.	.1.	.1.
pattering	12	1	0.0002660813	12	noun	7	pattering-noun	7	7	.noun.verb.	.7.5.	.pattering-noun.patter-verb.	.7.5.	.7.9.
ipe	5	3	4.43E-05	2	noun	2	ipe-noun	2	2	.noun.name.verb.	.2.2.1.	.ipe-noun.ipe-name.ipe-verb.	.2.2.1.	.2.2.6.
polax	1	0	2.22E-05	1	noun	1	polax-noun	1	1	.noun.	.1.	.polax-noun.	.1.	.1.
leary	32	31	0.0005986829	27	name	30	leary-name	30	30	.name.adjective.	.30.2.	.leary-name.leary-adjective.	.30.2.	.30.2.
screeving	1	0	2.22E-05	1	noun	1	screeving-noun	1	1	.noun.	.1.	.screeving-noun.	.1.	.1.
squidges	15	0	0.0003104282	14	noun	13	squidge-noun	13	76	.noun.verb.	.13.2.	.squidge-noun.squidge-verb.	.13.2.	.76.93.
snowboarder	39	1	0.0005099891	23	noun	38	snowboarder-noun	38	64	.noun.name.	.38.1.	.snowboarder-noun.snowboarder-name.	.38.1.	.64.1.
burgeoning	153	1	0.0032594958	147	verb	153	burgeon-verb	153	163	.verb.	.153.	.burgeon-verb.	.153.	.163.
mussavir	1	1	2.22E-05	1	name	1	mussavir-name	1	1	.name.	.1.	.mussavir-name.	.1.	.1.
recca	2	2	4.43E-05	2	name	2	recca-name	2	2	.name.	.2.	.recca-name.	.2.	.2.
williamia	1	1	2.22E-05	1	name	1	williamia-name	1	1	.name.	.1.	.williamia-name.	.1.	.1.
meltdowns	8	0	0.0001773875	8	noun	8	meltdown-noun	8	518	.noun.	.8.	.meltdown-noun.	.8.	.518.
aound	1	0	2.22E-05	1	verb	1	aound-verb	1	1	.verb.	.1.	.aound-verb.	.1.	.1.
bution	1	0	2.22E-05	1	noun	1	bution-noun	1	1	.noun.	.1.	.bution-noun.	.1.	.1.
hinnels	3	3	2.22E-05	1	name	3	hinnels-name	3	3	.name.	.3.	.hinnels-name.	.3.	.3.
mcglinchie	1	1	2.22E-05	1	name	1	mcglinchie-name	1	1	.name.	.1.	.mcglinchie-name.	.1.	.1.
sugartowner	1	1	2.22E-05	1	name	1	sugartowner-name	1	1	.name.	.1.	.sugartowner-name.	.1.	.1.
oprea	7	7	4.43E-05	2	name	7	oprea-name	7	7	.name.	.7.	.oprea-name.	.7.	.7.
vanella	1	1	2.22E-05	1	name	1	vanella-name	1	1	.name.	.1.	.vanella-name.	.1.	.1.
perish	229	43	0.0046564225	210	verb	193	perish-verb	193	520	.verb.adjective.noun.name.	.193.26.7.3.	.perish-verb.perish-adjective.perish-noun.perish-name.	.193.26.7.3.	.520.26.9.3.
gaougen	1	0	2.22E-05	1	noun	1	gaougen-noun	1	1	.noun.	.1.	.gaougen-noun.	.1.	.1.
channonry	2	2	2.22E-05	1	name	2	channonry-name	2	2	.name.	.2.	.channonry-name.	.2.	.2.
codlaidh	1	0	2.22E-05	1	noun	1	codlaidh-noun	1	1	.noun.	.1.	.codlaidh-noun.	.1.	.1.
lansman	1	1	2.22E-05	1	name	1	lansman-name	1	1	.name.	.1.	.lansman-name.	.1.	.1.
startdragging	3	0	2.22E-05	1	verb	3	startdragg-verb	3	3	.verb.	.3.	.startdragg-verb.	.3.	.3.
wowwy	5	3	0.0001108672	5	adjective	4	wowwy-adjective	4	4	.adjective.name.	.4.1.	.wowwy-adjective.wowwy-name.	.4.1.	.4.1.
greening	260	234	0.0027716801	125	name	217	greening-name	217	217	.name.noun.verb.	.217.41.2.	.greening-name.greening-noun.green-verb.	.217.41.2.	.217.41.10.
virginem	1	1	2.22E-05	1	name	1	virginem-name	1	1	.name.	.1.	.virginem-name.	.1.	.1.
karters	3	0	4.43E-05	2	noun	3	karter-noun	3	4	.noun.	.3.	.karter-noun.	.3.	.4.
piraguismo	3	0	2.22E-05	1	noun	3	piraguismo-noun	3	3	.noun.	.3.	.piraguismo-noun.	.3.	.3.
croombe	2	2	2.22E-05	1	name	2	croombe-name	2	2	.name.	.2.	.croombe-name.	.2.	.2.
luhning	1	1	2.22E-05	1	name	1	luhning-name	1	1	.name.	.1.	.luhning-name.	.1.	.1.
globaliseways	1	0	2.22E-05	1	noun	1	globaliseway-noun	1	1	.noun.	.1.	.globaliseway-noun.	.1.	.1.
yd	26	16	0.0005765095	26	adjective	11	yd-adjective	11	11	.adjective.noun.name.verb.	.11.8.6.1.	.yd-adjective.yd-noun.yd-name.yd-verb.	.11.8.6.1.	.11.9.6.1.
jedermann	10	9	4.43E-05	2	name	9	jedermann-name	9	9	.name.noun.	.9.1.	.jedermann-name.jedermann-noun.	.9.1.	.9.1.
lour	4	0	8.87E-05	4	verb	2	lour-verb	2	3	.verb.noun.	.2.2.	.lour-verb.lour-noun.	.2.2.	.3.3.
pinki	1	1	2.22E-05	1	name	1	pinki-name	1	1	.name.	.1.	.pinki-name.	.1.	.1.
hadso	1	0	2.22E-05	1	verb	1	hadso-verb	1	1	.verb.	.1.	.hadso-verb.	.1.	.1.
giampaolo	2	2	2.22E-05	1	name	2	giampaolo-name	2	2	.name.	.2.	.giampaolo-name.	.2.	.2.
prizing	10	0	0.0002217344	10	verb	9	prize-verb	9	705	.verb.adjective.	.9.1.	.prize-verb.prizing-adjective.	.9.1.	.705.1.
presidink	1	1	2.22E-05	1	name	1	presidink-name	1	1	.name.	.1.	.presidink-name.	.1.	.1.
tsaoir	1	0	2.22E-05	1	name	1	tsaoir-name	1	1	.name.	.1.	.tsaoir-name.	.1.	.1.
acmes	1	0	2.22E-05	1	noun	1	acme-noun	1	9	.noun.	.1.	.acme-noun.	.1.	.9.
methodists	45	42	0.000753897	34	name	42	methodists-name	42	42	.name.noun.	.42.3.	.methodists-name.methodist-noun.	.42.3.	.42.9.
woofer	18	1	0.0003326016	15	noun	17	woofer-noun	17	42	.noun.name.	.17.1.	.woofer-noun.woofer-name.	.17.1.	.42.1.
rudeboy	11	6	0.0001108672	5	name	6	rudeboy-name	6	6	.name.noun.verb.	.6.4.1.	.rudeboy-name.rudeboy-noun.rudeboy-verb.	.6.4.1.	.6.7.1.
cherubs	117	5	0.0017960487	81	noun	117	cherub-noun	117	203	.noun.	.117.	.cherub-noun.	.117.	.203.
alfas	7	7	6.65E-05	3	name	7	alfas-name	7	7	.name.	.7.	.alfas-name.	.7.	.7.
moorfoots	2	2	2.22E-05	1	name	2	moorfoots-name	2	2	.name.	.2.	.moorfoots-name.	.2.	.2.
blairry	1	1	2.22E-05	1	name	1	blairry-name	1	1	.name.	.1.	.blairry-name.	.1.	.1.
industryment	1	0	2.22E-05	1	noun	1	industryment-noun	1	1	.noun.	.1.	.industryment-noun.	.1.	.1.
havenot	2	0	4.43E-05	2	verb	1	havenot-verb	1	1	.verb.noun.	.1.1.	.havenot-verb.havenot-noun.	.1.1.	.1.1.
teein	1	0	2.22E-05	1	verb	1	teein-verb	1	1	.verb.	.1.	.teein-verb.	.1.	.1.
copulates	2	0	4.43E-05	2	verb	2	copulate-verb	2	25	.verb.	.2.	.copulate-verb.	.2.	.25.
keets	4	2	6.65E-05	3	noun	2	keet-noun	2	4	.noun.verb.name.	.2.1.1.	.keet-noun.keet-verb.keets-name.	.2.1.1.	.4.1.1.
oranging	2	0	4.43E-05	2	verb	2	orange-verb	2	3	.verb.	.2.	.orange-verb.	.2.	.3.
perganon	1	1	2.22E-05	1	name	1	perganon-name	1	1	.name.	.1.	.perganon-name.	.1.	.1.
britchin	2	1	4.43E-05	2	noun	1	britchin-noun	1	1	.noun.name.	.1.1.	.britchin-noun.britchin-name.	.1.1.	.1.1.
hitting	4584	215	0.0796691723	3593	verb	4581	hit-verb	4581	42073	.verb.name.	.4581.3.	.hit-verb.hitting-name.	.4581.3.	.42073.3.
masks	729	28	0.0115967095	523	noun	729	mask-noun	729	2841	.noun.	.729.	.mask-noun.	.729.	.2841.
carotids	1	0	2.22E-05	1	noun	1	carotid-noun	1	12	.noun.	.1.	.carotid-noun.	.1.	.12.
pontins	56	56	0.0004878157	22	name	51	pontins-name	51	51	.name.noun.	.51.5.	.pontins-name.pontin-noun.	.51.5.	.51.5.
disloyalty	37	3	0.0006208563	28	noun	37	disloyalty-noun	37	37	.noun.	.37.	.disloyalty-noun.	.37.	.37.
mahina	6	6	4.43E-05	2	name	6	mahina-name	6	6	.name.	.6.	.mahina-name.	.6.	.6.
clockerty	6	6	2.22E-05	1	name	6	clockerty-name	6	6	.name.	.6.	.clockerty-name.	.6.	.6.
demarch	2	0	4.43E-05	2	noun	1	demarch-name	1	1	.noun.name.	.1.1.	.demarch-name.demarch-noun.	.1.1.	.1.1.
truman	310	310	0.0030377614	137	name	307	truman-name	307	307	.name.noun.	.307.3.	.truman-name.truman-noun.	.307.3.	.307.3.
klansman	5	5	6.65E-05	3	name	5	klansman-name	5	5	.name.	.5.	.klansman-name.	.5.	.5.
hartlepools	8	8	4.43E-05	2	name	8	hartlepools-name	8	8	.name.	.8.	.hartlepools-name.	.8.	.8.
lipchitz	6	6	4.43E-05	2	name	6	lipchitz-name	6	6	.name.	.6.	.lipchitz-name.	.6.	.6.
desiderata	2	1	4.43E-05	2	noun	1	desideratum-noun	1	2	.noun.name.	.1.1.	.desideratum-noun.desiderata-name.	.1.1.	.2.1.
duroum	1	0	2.22E-05	1	noun	1	duroum-noun	1	1	.noun.	.1.	.duroum-noun.	.1.	.1.
pelpl	1	0	2.22E-05	1	noun	1	pelpl-noun	1	1	.noun.	.1.	.pelpl-noun.	.1.	.1.
moun	7	2	8.87E-05	4	verb	3	moun-verb	3	3	.verb.name.unclassified.noun.	.3.2.1.1.	.moun-verb.moun-name.moun-noun.moun-unclassified.	.3.2.1.1.	.3.2.1.1.
torialists	1	0	2.22E-05	1	noun	1	torialist-noun	1	1	.noun.	.1.	.torialist-noun.	.1.	.1.
hollingbourne	1	1	2.22E-05	1	name	1	hollingbourne-name	1	1	.name.	.1.	.hollingbourne-name.	.1.	.1.
neunzehn	1	0	2.22E-05	1	noun	1	neunzehn-noun	1	1	.noun.	.1.	.neunzehn-noun.	.1.	.1.
taigt	1	0	2.22E-05	1	verb	1	taigt-verb	1	1	.verb.	.1.	.taigt-verb.	.1.	.1.
monopolize	1	0	2.22E-05	1	verb	1	monopolize-verb	1	2	.verb.	.1.	.monopolize-verb.	.1.	.2.
airfix	116	115	0.000554336	25	name	115	airfix-name	115	115	.name.noun.	.115.1.	.airfix-name.airfix-noun.	.115.1.	.115.1.
ecomonics	1	1	2.22E-05	1	name	1	ecomonics-name	1	1	.name.	.1.	.ecomonics-name.	.1.	.1.
judi	379	379	0.003725138	168	name	379	judi-name	379	379	.name.	.379.	.judi-name.	.379.	.379.
ebbrell	2	2	4.43E-05	2	name	2	ebbrell-name	2	2	.name.	.2.	.ebbrell-name.	.2.	.2.
automobilist	1	0	2.22E-05	1	noun	1	automobilist-noun	1	1	.noun.	.1.	.automobilist-noun.	.1.	.1.
potamo	7	7	2.22E-05	1	name	7	potamo-name	7	7	.name.	.7.	.potamo-name.	.7.	.7.
theydon	3	3	6.65E-05	3	name	3	theydon-name	3	3	.name.	.3.	.theydon-name.	.3.	.3.
tartakower	1	1	2.22E-05	1	name	1	tartakower-name	1	1	.name.	.1.	.tartakower-name.	.1.	.1.
firesteel	1	0	2.22E-05	1	noun	1	firesteel-noun	1	1	.noun.	.1.	.firesteel-noun.	.1.	.1.
vroomph	1	0	2.22E-05	1	noun	1	vroomph-noun	1	1	.noun.	.1.	.vroomph-noun.	.1.	.1.
ruffit	27	27	2.22E-05	1	name	27	ruffit-name	27	27	.name.	.27.	.ruffit-name.	.27.	.27.
ncc	9	9	0.0001773875	8	name	9	ncc-name	9	9	.name.	.9.	.ncc-name.	.9.	.9.
myotonic	4	1	6.65E-05	3	adjective	3	myotonic-adjective	3	3	.adjective.name.	.3.1.	.myotonic-adjective.myotonic-name.	.3.1.	.3.1.
brunhilda	2	2	4.43E-05	2	name	2	brunhilda-name	2	2	.name.	.2.	.brunhilda-name.	.2.	.2.
otherian	1	0	2.22E-05	1	adjective	1	otherian-adjective	1	1	.adjective.	.1.	.otherian-adjective.	.1.	.1.
getaways	20	8	0.0003769485	17	noun	12	getaway-noun	12	436	.noun.name.	.12.8.	.getaway-noun.getaways-name.	.12.8.	.436.8.
whitbourne	1	1	2.22E-05	1	name	1	whitbourne-name	1	1	.name.	.1.	.whitbourne-name.	.1.	.1.
cabriolet	22	16	0.0003991219	18	name	16	cabriolet-name	16	16	.name.noun.	.16.6.	.cabriolet-name.cabriolet-noun.	.16.6.	.16.8.
crestry	1	0	2.22E-05	1	noun	1	crestry-noun	1	1	.noun.	.1.	.crestry-noun.	.1.	.1.
diy\/hardware	1	1	2.22E-05	1	name	1	diy\/hardware-name	1	1	.name.	.1.	.diy\/hardware-name.	.1.	.1.
palindromes	14	2	0.0001552141	7	noun	12	palindrome-noun	12	35	.noun.name.	.12.2.	.palindrome-noun.palindromes-name.	.12.2.	.35.2.
mealy	62	12	0.0012638861	57	adjective	51	mealy-adjective	51	51	.adjective.name.adverb.	.51.6.5.	.mealy-adjective.mealy-name.mealy-adverb.	.51.6.5.	.51.6.5.
tayside	66	66	0.0010643252	48	name	66	tayside-name	66	66	.name.	.66.	.tayside-name.	.66.	.66.
supera	1	0	2.22E-05	1	noun	1	supera-noun	1	1	.noun.	.1.	.supera-noun.	.1.	.1.
til	193	61	0.003370363	152	preposition	53	til-preposition	53	53	.preposition.adverb.name.noun.verb.adjective.unclassified.	.53.42.39.37.17.4.1.	.til-preposition.til-adverb.til-name.til-noun.til-verb.til-adjective.til-unclassified.	.53.42.39.37.17.4.1.	.53.42.39.37.17.4.1.
frenchs	3	3	6.65E-05	3	name	3	frenchs-name	3	3	.name.	.3.	.frenchs-name.	.3.	.3.
dinkiest	2	0	4.43E-05	2	adjective	2	dinkiest-adjective	2	2	.adjective.	.2.	.dinkiest-adjective.	.2.	.2.
chaifrpgdz	1	0	2.22E-05	1	noun	1	chaifrpgdz-noun	1	1	.noun.	.1.	.chaifrpgdz-noun.	.1.	.1.
productionjobshop.com	1	1	2.22E-05	1	name	1	productionjobshop.com-name	1	1	.name.	.1.	.productionjobshop.com-name.	.1.	.1.
boppier	2	2	2.22E-05	1	name	2	boppier-name	2	2	.name.	.2.	.boppier-name.	.2.	.2.
liberta	6	1	0.0001108672	5	noun	3	liberta-noun	3	3	.noun.unclassified.name.	.3.2.1.	.liberta-noun.liberta-unclassified.liberta-name.	.3.2.1.	.3.2.1.
lekha	1	1	2.22E-05	1	name	1	lekha-name	1	1	.name.	.1.	.lekha-name.	.1.	.1.
monsterish	2	0	4.43E-05	2	adjective	2	monsterish-adjective	2	2	.adjective.	.2.	.monsterish-adjective.	.2.	.2.
poppad	1	0	2.22E-05	1	noun	1	poppad-noun	1	1	.noun.	.1.	.poppad-noun.	.1.	.1.
starred	1862	8	0.0274507195	1238	verb	1843	star-verb	1843	4431	.verb.adjective.name.	.1843.17.2.	.star-verb.starred-adjective.starred-name.	.1843.17.2.	.4431.17.2.
charneling	1	0	2.22E-05	1	verb	1	charnele-verb	1	1	.verb.	.1.	.charnele-verb.	.1.	.1.
clampit	1	1	2.22E-05	1	name	1	clampit-name	1	1	.name.	.1.	.clampit-name.	.1.	.1.
snugly	80	4	0.0016408346	74	adverb	78	snugly-adverb	78	78	.adverb.adjective.name.	.78.1.1.	.snugly-adverb.snugly-name.snugly-adjective.	.78.1.1.	.78.1.1.
upridesings	1	0	2.22E-05	1	noun	1	upridesing-noun	1	2	.noun.	.1.	.upridesing-noun.	.1.	.2.
audaciousness	1	0	2.22E-05	1	noun	1	audaciousness-noun	1	1	.noun.	.1.	.audaciousness-noun.	.1.	.1.
undon	1	0	2.22E-05	1	adjective	1	undon-adjective	1	1	.adjective.	.1.	.undon-adjective.	.1.	.1.
preferees	3	0	2.22E-05	1	unclassified	2	preferees-unclassified	2	2	.unclassified.noun.	.2.1.	.preferees-unclassified.preferee-noun.	.2.1.	.2.3.
psna	1	1	2.22E-05	1	name	1	psna-name	1	1	.name.	.1.	.psna-name.	.1.	.1.
censureed	3	0	6.65E-05	3	verb	3	censureed-verb	3	3	.verb.	.3.	.censureed-verb.	.3.	.3.
naggingly	1	0	2.22E-05	1	adverb	1	naggingly-adverb	1	1	.adverb.	.1.	.naggingly-adverb.	.1.	.1.
moonish	1	0	2.22E-05	1	adjective	1	moonish-adjective	1	1	.adjective.	.1.	.moonish-adjective.	.1.	.1.
mehhhh	2	2	4.43E-05	2	name	2	mehhhh-name	2	2	.name.	.2.	.mehhhh-name.	.2.	.2.
toifpb	1	0	2.22E-05	1	noun	1	toifpb-noun	1	1	.noun.	.1.	.toifpb-noun.	.1.	.1.
hoed	8	0	0.0001330406	6	verb	7	hoe-verb	7	104	.verb.adjective.	.7.1.	.hoe-verb.hoed-adjective.	.7.1.	.104.1.
melchisedech	1	1	2.22E-05	1	name	1	melchisedech-name	1	1	.name.	.1.	.melchisedech-name.	.1.	.1.
riech	1	0	2.22E-05	1	noun	1	riech-noun	1	1	.noun.	.1.	.riech-noun.	.1.	.1.
quantitive	14	0	0.0001552141	7	adjective	14	quantitive-adjective	14	14	.adjective.	.14.	.quantitive-adjective.	.14.	.14.
lekturers	1	0	2.22E-05	1	noun	1	lekturer-noun	1	2	.noun.	.1.	.lekturer-noun.	.1.	.2.
p20	1	1	2.22E-05	1	name	1	p20-name	1	1	.name.	.1.	.p20-name.	.1.	.1.
convolvulus	12	2	0.0002217344	10	noun	9	convolvulus-noun	9	9	.noun.adjective.name.	.9.2.1.	.convolvulus-noun.convolvulus-adjective.convolvulus-name.	.9.2.1.	.9.2.1.
cassier	1	1	2.22E-05	1	name	1	cassier-name	1	1	.name.	.1.	.cassier-name.	.1.	.1.
cracklingly	1	0	2.22E-05	1	adverb	1	cracklingly-adverb	1	1	.adverb.	.1.	.cracklingly-adverb.	.1.	.1.
android	335	226	0.0041686068	188	adjective	154	android-adjective	154	154	.adjective.name.noun.preposition.	.154.127.53.1.	.android-adjective.android-name.android-noun.android-preposition.	.154.127.53.1.	.154.127.75.1.
cognisant	17	0	0.0003769485	17	noun	10	cognisant-noun	10	10	.noun.adjective.	.10.7.	.cognisant-noun.cognisant-adjective.	.10.7.	.10.7.
subscript	6	0	8.87E-05	4	adjective	3	subscript-adjective	3	3	.adjective.noun.	.3.3.	.subscript-adjective.subscript-noun.	.3.3.	.3.4.
aposematci	1	0	2.22E-05	1	noun	1	aposematcus-noun	1	1	.noun.	.1.	.aposematcus-noun.	.1.	.1.
veluxes	4	4	8.87E-05	4	noun	2	velux-noun	2	5	.noun.name.	.2.2.	.velux-noun.veluxes-name.	.2.2.	.5.2.
rickard	14	14	0.0002217344	10	name	14	rickard-name	14	14	.name.	.14.	.rickard-name.	.14.	.14.
dominguez	73	73	0.0003991219	18	name	73	dominguez-name	73	73	.name.	.73.	.dominguez-name.	.73.	.73.
pepers	10	1	0.0001108672	5	noun	9	peper-noun	9	9	.noun.name.	.9.1.	.peper-noun.pepers-name.	.9.1.	.9.1.
revelry	28	2	0.0005986829	27	noun	25	revelry-noun	25	30	.noun.name.adjective.	.25.2.1.	.revelry-noun.revelry-name.revelry-adjective.	.25.2.1.	.30.2.1.
bet633	2	2	2.22E-05	1	noun	2	bet633-noun	2	2	.noun.	.2.	.bet633-noun.	.2.	.2.
fewerure	1	0	2.22E-05	1	noun	1	fewerure-noun	1	1	.noun.	.1.	.fewerure-noun.	.1.	.1.
ksik	1	1	2.22E-05	1	name	1	ksik-name	1	1	.name.	.1.	.ksik-name.	.1.	.1.
mammi	1	1	2.22E-05	1	name	1	mammi-name	1	1	.name.	.1.	.mammi-name.	.1.	.1.
bassery	1	0	2.22E-05	1	noun	1	bassery-noun	1	1	.noun.	.1.	.bassery-noun.	.1.	.1.
lindgren	6	6	0.0001108672	5	name	6	lindgren-name	6	6	.name.	.6.	.lindgren-name.	.6.	.6.
glyntwrog	1	1	2.22E-05	1	name	1	glyntwrog-name	1	1	.name.	.1.	.glyntwrog-name.	.1.	.1.
doonbeg	8	8	4.43E-05	2	name	8	doonbeg-name	8	8	.name.	.8.	.doonbeg-name.	.8.	.8.
ratramnus	3	3	2.22E-05	1	name	3	ratramnus-name	3	3	.name.	.3.	.ratramnus-name.	.3.	.3.
fulak	1	0	2.22E-05	1	noun	1	fulak-noun	1	1	.noun.	.1.	.fulak-noun.	.1.	.1.
zokor	7	2	2.22E-05	1	noun	5	zokor-noun	5	5	.noun.name.	.5.2.	.zokor-noun.zokor-name.	.5.2.	.5.2.
drig	1	0	2.22E-05	1	noun	1	drig-noun	1	1	.noun.	.1.	.drig-noun.	.1.	.1.
strangford	198	198	0.001663008	75	name	198	strangford-name	198	198	.name.	.198.	.strangford-name.	.198.	.198.
paramo	9	9	4.43E-05	2	name	9	paramo-name	9	9	.name.	.9.	.paramo-name.	.9.	.9.
berton	1	1	2.22E-05	1	name	1	berton-name	1	1	.name.	.1.	.berton-name.	.1.	.1.
redhawk	2	2	2.22E-05	1	noun	1	redhawk-noun	1	1	.noun.name.	.1.1.	.redhawk-noun.redhawk-name.	.1.1.	.1.1.
dislay	1	0	2.22E-05	1	verb	1	dislay-verb	1	1	.verb.	.1.	.dislay-verb.	.1.	.1.
gleerb	1	0	2.22E-05	1	noun	1	gleerb-noun	1	1	.noun.	.1.	.gleerb-noun.	.1.	.1.
multitool	1	0	2.22E-05	1	noun	1	multitool-noun	1	1	.noun.	.1.	.multitool-noun.	.1.	.1.
cappuccinio	1	0	2.22E-05	1	noun	1	cappuccinio-noun	1	1	.noun.	.1.	.cappuccinio-noun.	.1.	.1.
coltart	9	9	0.0001552141	7	name	9	coltart-name	9	9	.name.	.9.	.coltart-name.	.9.	.9.
immanent	1	0	2.22E-05	1	adjective	1	immanent-adjective	1	1	.adjective.	.1.	.immanent-adjective.	.1.	.1.
liljaims	1	0	2.22E-05	1	noun	1	liljaim-noun	1	1	.noun.	.1.	.liljaim-noun.	.1.	.1.
quarterfinalist	36	1	0.0004656423	21	noun	35	quarterfinalist-noun	35	52	.noun.adjective.	.35.1.	.quarterfinalist-noun.quarterfinalist-adjective.	.35.1.	.52.1.
wnt	5	0	0.0001108672	5	verb	5	wnt-verb	5	5	.verb.	.5.	.wnt-verb.	.5.	.5.
mp4\/1	2	2	4.43E-05	2	name	2	mp4\/1-name	2	2	.name.	.2.	.mp4\/1-name.	.2.	.2.
envisioned	51	0	0.0009978048	45	verb	51	envision-verb	51	119	.verb.	.51.	.envision-verb.	.51.	.119.
unraveled	10	0	0.0002217344	10	verb	10	unravel-verb	10	659	.verb.	.10.	.unravel-verb.	.10.	.659.
entrepreneurialism	12	0	0.0002660813	12	noun	12	entrepreneurialism-noun	12	12	.noun.	.12.	.entrepreneurialism-noun.	.12.	.12.
maskell	20	20	0.0003769485	17	name	20	maskell-name	20	20	.name.	.20.	.maskell-name.	.20.	.20.
a465	6	6	0.0001108672	5	name	5	a465-name	5	5	.name.noun.	.5.1.	.a465-name.a465-noun.	.5.1.	.5.1.
deglaze	54	13	0.0008647642	39	verb	39	deglaze-verb	39	57	.verb.name.noun.	.39.8.7.	.deglaze-verb.deglaze-name.deglaze-noun.	.39.8.7.	.57.8.7.
templeborough	1	1	2.22E-05	1	name	1	templeborough-name	1	1	.name.	.1.	.templeborough-name.	.1.	.1.
gethins	1	1	2.22E-05	1	name	1	gethins-name	1	1	.name.	.1.	.gethins-name.	.1.	.1.
possible	31936	280	0.3884121599	17517	adjective	31909	possible-adjective	31909	31909	.adjective.adverb.noun.name.	.31909.23.2.2.	.possible-adjective.possible-adverb.possible-noun.possible-name.	.31909.23.2.2.	.31909.23.24.2.
antarcticion	1	1	2.22E-05	1	name	1	antarcticion-name	1	1	.name.	.1.	.antarcticion-name.	.1.	.1.
daranadna	6	6	2.22E-05	1	name	6	daranadna-name	6	6	.name.	.6.	.daranadna-name.	.6.	.6.
maryinsky	3	3	6.65E-05	3	name	3	maryinsky-name	3	3	.name.	.3.	.maryinsky-name.	.3.	.3.
gastronomers	41	40	4.43E-05	2	noun	22	gastronomer-noun	22	22	.noun.name.	.22.19.	.gastronomer-noun.gastronomers-name.	.22.19.	.22.19.
prosecuting	241	8	0.0045233819	204	verb	240	prosecute-verb	240	1844	.verb.name.	.240.1.	.prosecute-verb.prosecuting-name.	.240.1.	.1844.1.
drat	73	44	0.0014412736	65	noun	62	drat-noun	62	64	.noun.name.verb.	.62.10.1.	.drat-noun.drat-name.drat-verb.	.62.10.1.	.64.10.8.
replacing	1480	66	0.027472893	1239	verb	1480	replace-verb	1480	10240	.verb.	.1480.	.replace-verb.	.1480.	.10240.
justthe	1	0	2.22E-05	1	adjective	1	justthe-adjective	1	1	.adjective.	.1.	.justthe-adjective.	.1.	.1.
hadjiandreou	2	2	4.43E-05	2	name	2	hadjiandreou-name	2	2	.name.	.2.	.hadjiandreou-name.	.2.	.2.
secessionism	2	1	4.43E-05	2	noun	1	secessionism-name	1	1	.noun.name.	.1.1.	.secessionism-name.secessionism-noun.	.1.1.	.1.1.
censor	143	5	0.0023725581	107	verb	138	censor-verb	138	280	.verb.name.	.138.5.	.censor-verb.censor-name.	.138.5.	.280.5.
andfully	1	0	2.22E-05	1	adverb	1	andfully-adverb	1	1	.adverb.	.1.	.andfully-adverb.	.1.	.1.
suprematism	6	6	4.43E-05	2	name	6	suprematism-name	6	6	.name.	.6.	.suprematism-name.	.6.	.6.
cyclic	11	3	0.0002217344	10	adjective	9	cyclic-adjective	9	9	.adjective.noun.name.	.9.1.1.	.cyclic-adjective.cyclic-noun.cyclic-name.	.9.1.1.	.9.1.1.
surfworld	1	1	2.22E-05	1	name	1	surfworld-name	1	1	.name.	.1.	.surfworld-name.	.1.	.1.
retrocecal	1	1	2.22E-05	1	name	1	retrocecal-name	1	1	.name.	.1.	.retrocecal-name.	.1.	.1.
honington	2	2	4.43E-05	2	name	2	honington-name	2	2	.name.	.2.	.honington-name.	.2.	.2.
chartist	18	17	0.0002660813	12	name	14	chartist-name	14	14	.name.adjective.noun.	.14.3.1.	.chartist-name.chartist-adjective.chartist-noun.	.14.3.1.	.14.3.26.
jolts	16	0	0.0003547751	16	noun	16	jolt-noun	16	140	.noun.	.16.	.jolt-noun.	.16.	.140.
zhora	5	5	4.43E-05	2	name	5	zhora-name	5	5	.name.	.5.	.zhora-name.	.5.	.5.
ymbsittendra	1	0	2.22E-05	1	noun	1	ymbsittendra-noun	1	1	.noun.	.1.	.ymbsittendra-noun.	.1.	.1.
tups	56	0	0.0004434688	20	noun	56	tup-noun	56	121	.noun.	.56.	.tup-noun.	.56.	.121.
zambians	19	19	0.000199561	9	name	18	zambians-name	18	18	.name.noun.	.18.1.	.zambians-name.zambian-noun.	.18.1.	.18.1.
larify	1	0	2.22E-05	1	verb	1	larify-verb	1	1	.verb.	.1.	.larify-verb.	.1.	.1.
forearm	173	2	0.003170802	143	noun	170	forearm-noun	170	249	.noun.name.adjective.	.170.2.1.	.forearm-noun.forearm-name.forearm-adjective.	.170.2.1.	.249.2.1.
a24\/7	1	0	2.22E-05	1	adjective	1	a24\/7-adjective	1	1	.adjective.	.1.	.a24\/7-adjective.	.1.	.1.
surplus	839	24	0.0140357879	633	noun	784	surplus-noun	784	846	.noun.adjective.	.784.55.	.surplus-noun.surplus-adjective.	.784.55.	.846.55.
thins	83	13	0.0015521408	70	noun	53	thin-noun	53	53	.noun.verb.name.	.53.17.13.	.thin-noun.thin-verb.thins-name.	.53.17.13.	.53.257.13.
specialisation	34	0	0.0006430298	29	noun	34	specialisation-noun	34	42	.noun.	.34.	.specialisation-noun.	.34.	.42.
meirleach	2	2	4.43E-05	2	name	2	meirleach-name	2	2	.name.	.2.	.meirleach-name.	.2.	.2.
thsince	1	0	2.22E-05	1	noun	1	thsince-noun	1	1	.noun.	.1.	.thsince-noun.	.1.	.1.
enthralled	200	0	0.0042129537	190	verb	190	enthral-verb	190	218	.verb.adjective.	.190.10.	.enthral-verb.enthralled-adjective.	.190.10.	.218.10.
sprinkly	4	1	8.87E-05	4	adverb	2	sprinkly-adverb	2	2	.adverb.adjective.name.	.2.1.1.	.sprinkly-adverb.sprinkly-adjective.sprinkly-name.	.2.1.1.	.2.1.1.
hokums	1	0	2.22E-05	1	noun	1	hokum-noun	1	8	.noun.	.1.	.hokum-noun.	.1.	.8.
selene	11	11	0.0001773875	8	name	10	selene-name	10	10	.name.verb.	.10.1.	.selene-name.selene-verb.	.10.1.	.10.1.
hydroponics	10	1	0.000199561	9	noun	9	hydroponics-noun	9	9	.noun.name.	.9.1.	.hydroponics-noun.hydroponics-name.	.9.1.	.9.1.
froekjaer	1	1	2.22E-05	1	name	1	froekjaer-name	1	1	.name.	.1.	.froekjaer-name.	.1.	.1.
buried	4707	142	0.0682055034	3076	verb	4707	bury-verb	4707	6728	.verb.	.4707.	.bury-verb.	.4707.	.6728.
dezzie	2	2	2.22E-05	1	name	2	dezzie-name	2	2	.name.	.2.	.dezzie-name.	.2.	.2.
eyes	30033	1458	0.3365706557	15179	noun	30033	eye-noun	30033	55700	.noun.	.30033.	.eye-noun.	.30033.	.55700.
hayacinths	1	1	2.22E-05	1	noun	1	hayacinth-noun	1	1	.noun.	.1.	.hayacinth-noun.	.1.	.1.
lovelessness	1	0	2.22E-05	1	noun	1	lovelessness-noun	1	1	.noun.	.1.	.lovelessness-noun.	.1.	.1.
whatya	1	0	2.22E-05	1	noun	1	whatya-noun	1	1	.noun.	.1.	.whatya-noun.	.1.	.1.
malawian	6	6	8.87E-05	4	adjective	5	malawian-adjective	5	5	.adjective.name.	.5.1.	.malawian-adjective.malawian-name.	.5.1.	.5.1.
stadium	5883	2310	0.0598904632	2701	noun	3768	stadium-noun	3768	4199	.noun.name.	.3768.2115.	.stadium-noun.stadium-name.	.3768.2115.	.4199.2115.
grandmummy	2	0	2.22E-05	1	noun	2	grandmummy-noun	2	2	.noun.	.2.	.grandmummy-noun.	.2.	.2.
saikou	6	6	2.22E-05	1	name	6	saikou-name	6	6	.name.	.6.	.saikou-name.	.6.	.6.
zurhorsts	6	6	2.22E-05	1	noun	6	zurhorst-noun	6	6	.noun.	.6.	.zurhorst-noun.	.6.	.6.
merimee	5	5	4.43E-05	2	name	5	merimee-name	5	5	.name.	.5.	.merimee-name.	.5.	.5.
lisbreen	8	8	6.65E-05	3	name	8	lisbreen-name	8	8	.name.	.8.	.lisbreen-name.	.8.	.8.
rechercher	1	1	2.22E-05	1	name	1	rechercher-name	1	1	.name.	.1.	.rechercher-name.	.1.	.1.
intelligibility	4	0	8.87E-05	4	noun	4	intelligibility-noun	4	4	.noun.	.4.	.intelligibility-noun.	.4.	.4.
daddyo	1	0	2.22E-05	1	noun	1	daddyo-noun	1	1	.noun.	.1.	.daddyo-noun.	.1.	.1.
faither	12	0	0.0002439078	11	noun	11	faither-noun	11	11	.noun.unclassified.	.11.1.	.faither-noun.faither-unclassified.	.11.1.	.11.1.
peting	1	1	2.22E-05	1	verb	1	pete-verb	1	3	.verb.	.1.	.pete-verb.	.1.	.3.
buoy	307	19	0.0030155879	136	verb	289	buoy-verb	289	563	.verb.noun.name.	.289.12.6.	.buoy-verb.buoy-noun.buoy-name.	.289.12.6.	.563.14.6.
abor	3	2	4.43E-05	2	name	2	abor-name	2	2	.name.noun.	.2.1.	.abor-name.abor-noun.	.2.1.	.2.2.
journalismism	1	1	2.22E-05	1	name	1	journalismism-name	1	1	.name.	.1.	.journalismism-name.	.1.	.1.
bigland	1	1	2.22E-05	1	name	1	bigland-name	1	1	.name.	.1.	.bigland-name.	.1.	.1.
scrummage	233	2	0.0021286503	96	noun	214	scrummage-noun	214	220	.noun.verb.	.214.19.	.scrummage-noun.scrummage-verb.	.214.19.	.220.90.
hoffs	1	1	2.22E-05	1	name	1	hoffs-name	1	1	.name.	.1.	.hoffs-name.	.1.	.1.
plopolate	1	0	2.22E-05	1	verb	1	plopolate-verb	1	1	.verb.	.1.	.plopolate-verb.	.1.	.1.
miaowow	4	4	4.43E-05	2	name	4	miaowow-name	4	4	.name.	.4.	.miaowow-name.	.4.	.4.
iscariot	25	25	0.0005099891	23	name	25	iscariot-name	25	25	.name.	.25.	.iscariot-name.	.25.	.25.
sirota	9	9	0.0001330406	6	name	9	sirota-name	9	9	.name.	.9.	.sirota-name.	.9.	.9.
agh	2631	2386	0.0266081288	1200	name	2347	agh-name	2347	2347	.name.noun.verb.	.2347.282.2.	.agh-name.agh-noun.agh-verb.	.2347.282.2.	.2347.282.2.
oranginess	1	0	2.22E-05	1	noun	1	oranginess-noun	1	1	.noun.	.1.	.oranginess-noun.	.1.	.1.
hoov	2	0	4.43E-05	2	noun	2	hoov-noun	2	2	.noun.	.2.	.hoov-noun.	.2.	.2.
cubesats	7	7	2.22E-05	1	noun	4	cubesat-noun	4	4	.noun.name.	.4.3.	.cubesat-noun.cubesats-name.	.4.3.	.4.3.
decapitates	2	0	4.43E-05	2	verb	2	decapitate-verb	2	134	.verb.	.2.	.decapitate-verb.	.2.	.134.
fablious	3	1	2.22E-05	1	adjective	2	fablious-adjective	2	2	.adjective.name.	.2.1.	.fablious-adjective.fablious-name.	.2.1.	.2.1.
pamukkale	1	1	2.22E-05	1	name	1	pamukkale-name	1	1	.name.	.1.	.pamukkale-name.	.1.	.1.
cannas	28	4	0.0002882547	13	noun	22	canna-noun	22	111	.noun.name.verb.	.22.4.2.	.canna-noun.cannas-name.canna-verb.	.22.4.2.	.111.4.30.
sardeep	1	1	2.22E-05	1	name	1	sardeep-name	1	1	.name.	.1.	.sardeep-name.	.1.	.1.
ymcmb	1	1	2.22E-05	1	name	1	ymcmb-name	1	1	.name.	.1.	.ymcmb-name.	.1.	.1.
ilunga	3	3	6.65E-05	3	name	3	ilunga-name	3	3	.name.	.3.	.ilunga-name.	.3.	.3.
dreft	1	0	2.22E-05	1	noun	1	dreft-noun	1	1	.noun.	.1.	.dreft-noun.	.1.	.1.
detraction	8	1	0.0001552141	7	noun	8	detraction-noun	8	8	.noun.	.8.	.detraction-noun.	.8.	.8.
suttons	3	3	2.22E-05	1	name	3	suttons-name	3	3	.name.	.3.	.suttons-name.	.3.	.3.
schmafrica	2	2	2.22E-05	1	name	2	schmafrica-name	2	2	.name.	.2.	.schmafrica-name.	.2.	.2.
familiarize	1	0	2.22E-05	1	verb	1	familiarize-verb	1	2	.verb.	.1.	.familiarize-verb.	.1.	.2.
clamshell	11	0	0.0001552141	7	noun	11	clamshell-noun	11	11	.noun.	.11.	.clamshell-noun.	.11.	.11.
alitalia	20	20	0.0002882547	13	name	20	alitalia-name	20	20	.name.	.20.	.alitalia-name.	.20.	.20.
shifu	50	49	0.0001330406	6	name	49	shifu-name	49	49	.name.noun.	.49.1.	.shifu-name.shifu-noun.	.49.1.	.49.1.
cluna	1	1	2.22E-05	1	name	1	cluna-name	1	1	.name.	.1.	.cluna-name.	.1.	.1.
whrid	1	1	2.22E-05	1	adjective	1	whrid-adjective	1	1	.adjective.	.1.	.whrid-adjective.	.1.	.1.
yorb	3	0	6.65E-05	3	noun	2	yorb-noun	2	2	.noun.adjective.	.2.1.	.yorb-noun.yorb-adjective.	.2.1.	.2.1.
presences	18	0	0.0003769485	17	noun	18	presence-noun	18	4385	.noun.	.18.	.presence-noun.	.18.	.4385.
nordine	8	8	6.65E-05	3	name	8	nordine-name	8	8	.name.	.8.	.nordine-name.	.8.	.8.
arrghm	1	0	2.22E-05	1	noun	1	arrghm-noun	1	1	.noun.	.1.	.arrghm-noun.	.1.	.1.
feech	1	0	2.22E-05	1	noun	1	feech-noun	1	1	.noun.	.1.	.feech-noun.	.1.	.1.
blingwad	1	0	2.22E-05	1	noun	1	blingwad-noun	1	1	.noun.	.1.	.blingwad-noun.	.1.	.1.
mukendi	1	1	2.22E-05	1	name	1	mukendi-name	1	1	.name.	.1.	.mukendi-name.	.1.	.1.
eyelashes	522	16	0.0064968181	293	noun	501	eyelash-noun	501	606	.noun.verb.	.501.21.	.eyelash-noun.eyelash-verb.	.501.21.	.606.24.
prowess	352	1	0.0072063682	325	noun	351	prowess-noun	351	351	.noun.name.	.351.1.	.prowess-noun.prowess-name.	.351.1.	.351.1.
melchy	1	1	2.22E-05	1	name	1	melchy-name	1	1	.name.	.1.	.melchy-name.	.1.	.1.
mantises	15	1	0.000199561	9	noun	15	mantis-noun	15	294	.noun.	.15.	.mantis-noun.	.15.	.294.
sexperiment	3	0	2.22E-05	1	noun	2	sexperiment-noun	2	2	.noun.verb.	.2.1.	.sexperiment-noun.sexperiment-verb.	.2.1.	.2.1.
woe	300	74	0.0054103195	244	noun	292	woe-noun	292	546	.noun.name.verb.adjective.	.292.5.2.1.	.woe-noun.woe-name.woe-verb.woe-adjective.	.292.5.2.1.	.546.5.3.1.
eyston	3	3	6.65E-05	3	name	3	eyston-name	3	3	.name.	.3.	.eyston-name.	.3.	.3.
alleneme	1	1	2.22E-05	1	name	1	alleneme-name	1	1	.name.	.1.	.alleneme-name.	.1.	.1.
fegsally	1	0	2.22E-05	1	adverb	1	fegsally-adverb	1	1	.adverb.	.1.	.fegsally-adverb.	.1.	.1.
ellna	28	28	4.43E-05	2	name	28	ellna-name	28	28	.name.	.28.	.ellna-name.	.28.	.28.
peekay	3	3	2.22E-05	1	name	3	peekay-name	3	3	.name.	.3.	.peekay-name.	.3.	.3.
presenture	1	0	2.22E-05	1	noun	1	presenture-noun	1	1	.noun.	.1.	.presenture-noun.	.1.	.1.
erest	1	0	2.22E-05	1	noun	1	erest-noun	1	1	.noun.	.1.	.erest-noun.	.1.	.1.
uk\/skyatnight	2	0	4.43E-05	2	unclassified	2	uk\/skyatnight-unclassified	2	2	.unclassified.	.2.	.uk\/skyatnight-unclassified.	.2.	.2.
gowell	1	1	2.22E-05	1	name	1	gowell-name	1	1	.name.	.1.	.gowell-name.	.1.	.1.
hueling	1	1	2.22E-05	1	name	1	hueling-name	1	1	.name.	.1.	.hueling-name.	.1.	.1.
reemburse	1	0	2.22E-05	1	verb	1	reemburse-verb	1	2	.verb.	.1.	.reemburse-verb.	.1.	.2.
realing	1	0	2.22E-05	1	verb	1	real-verb	1	5	.verb.	.1.	.real-verb.	.1.	.5.
boulton	194	194	0.001507794	68	name	194	boulton-name	194	194	.name.	.194.	.boulton-name.	.194.	.194.
possessesing	1	0	2.22E-05	1	verb	1	possessese-verb	1	1	.verb.	.1.	.possessese-verb.	.1.	.1.
glossies	7	1	0.0001552141	7	noun	7	glossy-noun	7	7	.noun.	.7.	.glossy-noun.	.7.	.7.
reinstall	8	0	0.0001773875	8	verb	7	reinstall-verb	7	24	.verb.noun.	.7.1.	.reinstall-verb.reinstall-noun.	.7.1.	.24.1.
esle	1	0	2.22E-05	1	noun	1	esle-noun	1	1	.noun.	.1.	.esle-noun.	.1.	.1.
rossnowlagh	10	10	8.87E-05	4	name	10	rossnowlagh-name	10	10	.name.	.10.	.rossnowlagh-name.	.10.	.10.
routs	5	0	0.0001108672	5	noun	5	rout-noun	5	135	.noun.	.5.	.rout-noun.	.5.	.135.
chads	5	1	8.87E-05	4	noun	5	chad-noun	5	8	.noun.	.5.	.chad-noun.	.5.	.8.
kibbling	11	2	0.0001108672	5	verb	9	kibble-verb	9	21	.verb.noun.	.9.2.	.kibble-verb.kibbling-noun.	.9.2.	.21.2.
phrrrrr	2	1	2.22E-05	1	noun	1	phrrrrr-noun	1	1	.noun.name.	.1.1.	.phrrrrr-noun.phrrrrr-name.	.1.1.	.1.1.
imparting	22	0	0.0004878157	22	verb	19	impart-verb	19	189	.verb.noun.	.19.3.	.impart-verb.imparting-noun.	.19.3.	.189.3.
rhining	1	1	2.22E-05	1	name	1	rhining-name	1	1	.name.	.1.	.rhining-name.	.1.	.1.
goatoised	1	0	2.22E-05	1	adjective	1	goatoised-adjective	1	1	.adjective.	.1.	.goatoised-adjective.	.1.	.1.
impanema	1	1	2.22E-05	1	name	1	impanema-name	1	1	.name.	.1.	.impanema-name.	.1.	.1.
kunjani	1	1	2.22E-05	1	name	1	kunjani-name	1	1	.name.	.1.	.kunjani-name.	.1.	.1.
sugarbaps	1	1	2.22E-05	1	name	1	sugarbaps-name	1	1	.name.	.1.	.sugarbaps-name.	.1.	.1.
jacka	2	1	4.43E-05	2	unclassified	1	jacka-noun	1	1	.unclassified.noun.	.1.1.	.jacka-noun.jacka-unclassified.	.1.1.	.1.1.
parasiting	1	0	2.22E-05	1	noun	1	parasiting-noun	1	1	.noun.	.1.	.parasiting-noun.	.1.	.1.
accordly	1	0	2.22E-05	1	adverb	1	accordly-adverb	1	1	.adverb.	.1.	.accordly-adverb.	.1.	.1.
onky	1	0	2.22E-05	1	adjective	1	onky-adjective	1	1	.adjective.	.1.	.onky-adjective.	.1.	.1.
eja	1	0	2.22E-05	1	noun	1	eja-noun	1	1	.noun.	.1.	.eja-noun.	.1.	.1.
piggish	4	0	8.87E-05	4	adjective	3	piggish-adjective	3	3	.adjective.verb.	.3.1.	.piggish-adjective.piggish-verb.	.3.1.	.3.1.
skyhawk	9	8	6.65E-05	3	name	8	skyhawk-name	8	8	.name.noun.	.8.1.	.skyhawk-name.skyhawk-noun.	.8.1.	.8.3.
aldaar	2	2	2.22E-05	1	name	2	aldaar-name	2	2	.name.	.2.	.aldaar-name.	.2.	.2.
exceptionals	1	0	2.22E-05	1	noun	1	exceptional-noun	1	1	.noun.	.1.	.exceptional-noun.	.1.	.1.
whizzpopping	1	0	2.22E-05	1	adjective	1	whizzpopping-adjective	1	1	.adjective.	.1.	.whizzpopping-adjective.	.1.	.1.
frofrnts	1	0	2.22E-05	1	noun	1	frofrnt-noun	1	1	.noun.	.1.	.frofrnt-noun.	.1.	.1.
hedgeways	1	0	2.22E-05	1	noun	1	hedgeway-noun	1	1	.noun.	.1.	.hedgeway-noun.	.1.	.1.
solemi	2	2	2.22E-05	1	name	2	solemi-name	2	2	.name.	.2.	.solemi-name.	.2.	.2.
csos	17	17	8.87E-05	4	noun	16	cso-noun	16	16	.noun.name.	.16.1.	.cso-noun.csos-name.	.16.1.	.16.1.
hazemakerwaftomatic	1	1	2.22E-05	1	name	1	hazemakerwaftomatic-name	1	1	.name.	.1.	.hazemakerwaftomatic-name.	.1.	.1.
loord	1	0	2.22E-05	1	adjective	1	loord-adjective	1	1	.adjective.	.1.	.loord-adjective.	.1.	.1.
prong	40	5	0.0006652032	30	noun	26	prong-noun	26	75	.noun.adjective.name.verb.	.26.6.5.3.	.prong-noun.prong-adjective.prong-name.prong-verb.	.26.6.5.3.	.75.6.5.93.
reimbers	1	0	2.22E-05	1	verb	1	reimber-verb	1	1	.verb.	.1.	.reimber-verb.	.1.	.1.
exciter	3	0	6.65E-05	3	noun	3	exciter-noun	3	3	.noun.	.3.	.exciter-noun.	.3.	.3.
marthas	1	1	2.22E-05	1	name	1	marthas-name	1	1	.name.	.1.	.marthas-name.	.1.	.1.
persimmon	47	40	0.0003326016	15	name	38	persimmon-name	38	38	.name.noun.verb.	.38.7.2.	.persimmon-name.persimmon-noun.persimmon-verb.	.38.7.2.	.38.9.2.
osts	1	0	2.22E-05	1	noun	1	ost-noun	1	6	.noun.	.1.	.ost-noun.	.1.	.6.
tanques	1	0	2.22E-05	1	noun	1	tanque-noun	1	3	.noun.	.1.	.tanque-noun.	.1.	.3.
rhineland	57	57	0.0007317235	33	name	57	rhineland-name	57	57	.name.	.57.	.rhineland-name.	.57.	.57.
latin	3180	3173	0.0399787135	1803	name	2383	latin-name	2383	2383	.name.adjective.noun.verb.	.2383.791.5.1.	.latin-name.latin-adjective.latin-noun.latin-verb.	.2383.791.5.1.	.2383.791.5.1.
grease	963	244	0.0154548881	697	noun	963	grease-noun	963	967	.noun.	.963.	.grease-noun.	.963.	.967.
gueth	1	0	2.22E-05	1	noun	1	gueth-noun	1	1	.noun.	.1.	.gueth-noun.	.1.	.1.
peblgting	1	0	2.22E-05	1	verb	1	peblgt-verb	1	1	.verb.	.1.	.peblgt-verb.	.1.	.1.
knapping	5	0	6.65E-05	3	noun	5	knapping-noun	5	5	.noun.	.5.	.knapping-noun.	.5.	.5.
bagel	126	8	0.0014191002	64	noun	117	bagel-noun	117	251	.noun.name.verb.	.117.8.1.	.bagel-noun.bagel-name.bagel-verb.	.117.8.1.	.251.8.3.
beattock	3	3	6.65E-05	3	name	3	beattock-name	3	3	.name.	.3.	.beattock-name.	.3.	.3.
skehan	15	15	0.0003326016	15	name	15	skehan-name	15	15	.name.	.15.	.skehan-name.	.15.	.15.
andrews	1785	1785	0.0190026386	857	name	1785	andrews-name	1785	1785	.name.	.1785.	.andrews-name.	.1785.	.1785.
staaay	2	2	2.22E-05	1	name	2	staaay-name	2	2	.name.	.2.	.staaay-name.	.2.	.2.
openable	3	0	6.65E-05	3	adjective	3	openable-adjective	3	3	.adjective.	.3.	.openable-adjective.	.3.	.3.
beadies	1	0	2.22E-05	1	noun	1	beady-noun	1	7	.noun.	.1.	.beady-noun.	.1.	.7.
basslets	9	0	2.22E-05	1	noun	9	basslet-noun	9	12	.noun.	.9.	.basslet-noun.	.9.	.12.
vigensima	1	0	2.22E-05	1	noun	1	vigensima-noun	1	1	.noun.	.1.	.vigensima-noun.	.1.	.1.
reincarnating	1	0	2.22E-05	1	verb	1	reincarnate-verb	1	64	.verb.	.1.	.reincarnate-verb.	.1.	.64.
usic	4	2	8.87E-05	4	adjective	2	usic-adjective	2	2	.adjective.unclassified.name.	.2.1.1.	.usic-adjective.usic-unclassified.usic-name.	.2.1.1.	.2.1.1.
captaining	57	6	0.0011751924	53	verb	52	captain-verb	52	482	.verb.noun.	.52.5.	.captain-verb.captaining-noun.	.52.5.	.482.5.
tyinger	1	1	2.22E-05	1	name	1	tyinger-name	1	1	.name.	.1.	.tyinger-name.	.1.	.1.
enall	1	0	2.22E-05	1	noun	1	enall-noun	1	1	.noun.	.1.	.enall-noun.	.1.	.1.
byrom	11	11	0.0002217344	10	name	11	byrom-name	11	11	.name.	.11.	.byrom-name.	.11.	.11.
zalia	1	1	2.22E-05	1	name	1	zalia-name	1	1	.name.	.1.	.zalia-name.	.1.	.1.
lubbers	12	0	0.0002660813	12	noun	11	lubber-noun	11	15	.noun.verb.	.11.1.	.lubber-noun.lubber-verb.	.11.1.	.15.1.
imagineination	1	0	2.22E-05	1	noun	1	imagineination-noun	1	1	.noun.	.1.	.imagineination-noun.	.1.	.1.
discummicurated	1	0	2.22E-05	1	verb	1	discummicurate-verb	1	1	.verb.	.1.	.discummicurate-verb.	.1.	.1.
piates	1	0	2.22E-05	1	noun	1	piate-noun	1	1	.noun.	.1.	.piate-noun.	.1.	.1.
sigiliana	1	1	2.22E-05	1	name	1	sigiliana-name	1	1	.name.	.1.	.sigiliana-name.	.1.	.1.
scalable	11	0	0.000199561	9	adjective	11	scalable-adjective	11	11	.adjective.	.11.	.scalable-adjective.	.11.	.11.
brank	2	1	4.43E-05	2	noun	1	brank-noun	1	1	.noun.name.	.1.1.	.brank-noun.brank-name.	.1.1.	.1.1.
spoilers	52	25	0.0007095501	32	noun	48	spoiler-noun	48	148	.noun.name.verb.	.48.3.1.	.spoiler-noun.spoilers-name.spoiler-verb.	.48.3.1.	.148.3.2.
deplorable	140	3	0.0023503847	106	adjective	140	deplorable-adjective	140	140	.adjective.	.140.	.deplorable-adjective.	.140.	.140.
signifys	3	0	6.65E-05	3	verb	3	signify-verb	3	365	.verb.	.3.	.signify-verb.	.3.	.365.
blowlamp	3	1	4.43E-05	2	noun	2	blowlamp-noun	2	3	.noun.name.	.2.1.	.blowlamp-noun.blowlamp-name.	.2.1.	.3.1.
parrying	6	0	0.0001330406	6	verb	4	parry-verb	4	86	.verb.noun.	.4.2.	.parry-verb.parrying-noun.	.4.2.	.86.2.
flysheet	3	0	4.43E-05	2	noun	3	flysheet-noun	3	3	.noun.	.3.	.flysheet-noun.	.3.	.3.
mcmeikan	1	1	2.22E-05	1	name	1	mcmeikan-name	1	1	.name.	.1.	.mcmeikan-name.	.1.	.1.
depraf	1	0	2.22E-05	1	noun	1	depraf-noun	1	1	.noun.	.1.	.depraf-noun.	.1.	.1.
yupbs	1	0	2.22E-05	1	noun	1	yupb-noun	1	1	.noun.	.1.	.yupb-noun.	.1.	.1.
frawley	2	2	2.22E-05	1	name	2	frawley-name	2	2	.name.	.2.	.frawley-name.	.2.	.2.
eglises	1	1	2.22E-05	1	name	1	eglises-name	1	1	.name.	.1.	.eglises-name.	.1.	.1.
klassieker	1	1	2.22E-05	1	name	1	klassieker-name	1	1	.name.	.1.	.klassieker-name.	.1.	.1.
kapil	6	6	8.87E-05	4	name	6	kapil-name	6	6	.name.	.6.	.kapil-name.	.6.	.6.
parto	1	0	2.22E-05	1	noun	1	parto-noun	1	1	.noun.	.1.	.parto-noun.	.1.	.1.
levain	1	1	2.22E-05	1	name	1	levain-name	1	1	.name.	.1.	.levain-name.	.1.	.1.
follom	1	1	2.22E-05	1	name	1	follom-name	1	1	.name.	.1.	.follom-name.	.1.	.1.
aphyllia	2	2	2.22E-05	1	name	2	aphyllia-name	2	2	.name.	.2.	.aphyllia-name.	.2.	.2.
ghil	1	0	2.22E-05	1	noun	1	ghil-noun	1	1	.noun.	.1.	.ghil-noun.	.1.	.1.
bast	27	7	0.0003991219	18	noun	18	bast-noun	18	18	.noun.name.verb.	.18.7.2.	.bast-noun.bast-name.bast-verb.	.18.7.2.	.18.7.2.
rahm	12	11	0.0001773875	8	name	11	rahm-name	11	11	.name.noun.	.11.1.	.rahm-name.rahm-noun.	.11.1.	.11.1.
kedington	2	2	4.43E-05	2	name	2	kedington-name	2	2	.name.	.2.	.kedington-name.	.2.	.2.
barchan	4	3	4.43E-05	2	adjective	2	barchan-name	2	2	.adjective.name.	.2.2.	.barchan-name.barchan-adjective.	.2.2.	.2.2.
deshows	1	1	2.22E-05	1	name	1	deshows-name	1	1	.name.	.1.	.deshows-name.	.1.	.1.
incurrous	1	0	2.22E-05	1	adjective	1	incurrous-adjective	1	1	.adjective.	.1.	.incurrous-adjective.	.1.	.1.
lak	4	2	6.65E-05	3	noun	2	lak-noun	2	2	.noun.name.	.2.2.	.lak-noun.lak-name.	.2.2.	.2.2.
toba	17	16	0.0001330406	6	name	16	toba-name	16	16	.name.unclassified.	.16.1.	.toba-name.toba-unclassified.	.16.1.	.16.1.
ravettes	1	1	2.22E-05	1	name	1	ravettes-name	1	1	.name.	.1.	.ravettes-name.	.1.	.1.
baifior	1	0	2.22E-05	1	verb	1	baifior-verb	1	1	.verb.	.1.	.baifior-verb.	.1.	.1.
fervido	1	0	2.22E-05	1	noun	1	fervido-noun	1	1	.noun.	.1.	.fervido-noun.	.1.	.1.
percentages	273	4	0.005232932	236	noun	273	percentage-noun	273	2511	.noun.	.273.	.percentage-noun.	.273.	.2511.
rear	3468	164	0.0436595046	1969	adjective	2005	rear-adjective	2005	2005	.adjective.noun.name.verb.	.2005.1384.78.1.	.rear-adjective.rear-noun.rear-name.rear-verb.	.2005.1384.78.1.	.2005.1390.78.789.
motorcycleleters	1	0	2.22E-05	1	noun	1	motorcycleleter-noun	1	1	.noun.	.1.	.motorcycleleter-noun.	.1.	.1.
calmement	1	0	2.22E-05	1	noun	1	calmement-noun	1	1	.noun.	.1.	.calmement-noun.	.1.	.1.
sardi	5	4	0.0001108672	5	name	4	sardi-name	4	4	.name.noun.	.4.1.	.sardi-name.sardus-noun.	.4.1.	.4.1.
telephony	19	5	0.0003547751	16	noun	14	telephony-noun	14	14	.noun.name.	.14.5.	.telephony-noun.telephony-name.	.14.5.	.14.5.
vitra	1	1	2.22E-05	1	name	1	vitra-name	1	1	.name.	.1.	.vitra-name.	.1.	.1.
sweenyi	1	1	2.22E-05	1	name	1	sweenyi-name	1	1	.name.	.1.	.sweenyi-name.	.1.	.1.
nusms	1	0	2.22E-05	1	noun	1	nusm-noun	1	1	.noun.	.1.	.nusm-noun.	.1.	.1.
edwalton	17	17	0.0002439078	11	name	17	edwalton-name	17	17	.name.	.17.	.edwalton-name.	.17.	.17.
arianism	2	2	4.43E-05	2	name	2	arianism-name	2	2	.name.	.2.	.arianism-name.	.2.	.2.
kofling	1	0	2.22E-05	1	verb	1	kofle-verb	1	1	.verb.	.1.	.kofle-verb.	.1.	.1.
yandi	4	4	2.22E-05	1	name	4	yandi-name	4	4	.name.	.4.	.yandi-name.	.4.	.4.
tiements	1	0	2.22E-05	1	noun	1	tiement-noun	1	3	.noun.	.1.	.tiement-noun.	.1.	.3.
injustices	77	0	0.0015299674	69	noun	77	injustice-noun	77	765	.noun.	.77.	.injustice-noun.	.77.	.765.
baubles	120	16	0.0020399565	92	noun	103	bauble-noun	103	159	.noun.name.verb.	.103.12.5.	.bauble-noun.baubles-name.bauble-verb.	.103.12.5.	.159.12.7.
shoup	1	0	2.22E-05	1	noun	1	shoup-noun	1	1	.noun.	.1.	.shoup-noun.	.1.	.1.
heyward	20	19	0.0001552141	7	name	19	heyward-name	19	19	.name.adverb.	.19.1.	.heyward-name.heyward-adverb.	.19.1.	.19.1.
aspettare	1	0	2.22E-05	1	noun	1	aspettare-noun	1	1	.noun.	.1.	.aspettare-noun.	.1.	.1.
bahrainiian	1	1	2.22E-05	1	name	1	bahrainiian-name	1	1	.name.	.1.	.bahrainiian-name.	.1.	.1.
beloeil	2	2	2.22E-05	1	name	2	beloeil-name	2	2	.name.	.2.	.beloeil-name.	.2.	.2.
boatmen	87	4	0.0012417127	56	noun	83	boatman-noun	83	164	.noun.name.	.83.4.	.boatman-noun.boatmen-name.	.83.4.	.164.4.
mow	303	37	0.005232932	236	verb	288	mow-verb	288	560	.verb.name.	.288.15.	.mow-verb.mow-name.	.288.15.	.560.15.
mismanaging	11	0	0.0002439078	11	verb	10	mismanage-verb	10	60	.verb.noun.	.10.1.	.mismanage-verb.mismanaging-noun.	.10.1.	.60.1.
closen	1	0	2.22E-05	1	verb	1	closen-verb	1	1	.verb.	.1.	.closen-verb.	.1.	.1.
stantton	2	0	4.43E-05	2	noun	2	stantton-noun	2	2	.noun.	.2.	.stantton-noun.	.2.	.2.
inebriated	40	0	0.0008425907	38	adjective	25	inebriated-adjective	25	25	.adjective.verb.	.25.15.	.inebriated-adjective.inebriate-verb.	.25.15.	.25.17.
prans	1	0	2.22E-05	1	verb	1	pran-verb	1	2	.verb.	.1.	.pran-verb.	.1.	.2.
risibly	1	1	2.22E-05	1	adverb	1	risibly-adverb	1	1	.adverb.	.1.	.risibly-adverb.	.1.	.1.
franceschini	1	1	2.22E-05	1	name	1	franceschini-name	1	1	.name.	.1.	.franceschini-name.	.1.	.1.
abductions	41	2	0.0006873767	31	noun	41	abduction-noun	41	320	.noun.	.41.	.abduction-noun.	.41.	.320.
eskisehirspor	2	2	4.43E-05	2	name	2	eskisehirspor-name	2	2	.name.	.2.	.eskisehirspor-name.	.2.	.2.
phileas	24	24	0.0003326016	15	name	24	phileas-name	24	24	.name.	.24.	.phileas-name.	.24.	.24.
hieronymous	1	1	2.22E-05	1	name	1	hieronymous-name	1	1	.name.	.1.	.hieronymous-name.	.1.	.1.
sodom	141	141	0.0011308455	51	name	119	sodom-name	119	119	.name.noun.verb.adjective.unclassified.	.119.16.3.2.1.	.sodom-name.sodom-noun.sodom-verb.sodom-adjective.sodom-unclassified.	.119.16.3.2.1.	.119.16.3.2.1.
levenkron	1	1	2.22E-05	1	name	1	levenkron-name	1	1	.name.	.1.	.levenkron-name.	.1.	.1.
gogh	512	512	0.0055433602	250	name	512	gogh-name	512	512	.name.	.512.	.gogh-name.	.512.	.512.
erminia	23	23	8.87E-05	4	name	22	erminia-name	22	22	.name.noun.	.22.1.	.erminia-name.erminium-noun.	.22.1.	.22.1.
sisovitch	1	1	2.22E-05	1	name	1	sisovitch-name	1	1	.name.	.1.	.sisovitch-name.	.1.	.1.
deocht	1	0	2.22E-05	1	verb	1	deocht-verb	1	1	.verb.	.1.	.deocht-verb.	.1.	.1.
purrrfect	5	2	0.0001108672	5	noun	3	purrrfect-noun	3	3	.noun.adjective.	.3.2.	.purrrfect-noun.purrrfect-adjective.	.3.2.	.3.2.
mgb	9	9	0.0001330406	6	name	9	mgb-name	9	9	.name.	.9.	.mgb-name.	.9.	.9.
moshlings	1	0	2.22E-05	1	noun	1	moshling-noun	1	1	.noun.	.1.	.moshling-noun.	.1.	.1.
havek	1	0	2.22E-05	1	noun	1	havek-noun	1	1	.noun.	.1.	.havek-noun.	.1.	.1.
wamps	1	1	2.22E-05	1	name	1	wamps-name	1	1	.name.	.1.	.wamps-name.	.1.	.1.
zana	22	22	0.0001330406	6	name	22	zana-name	22	22	.name.	.22.	.zana-name.	.22.	.22.
distantly	34	0	0.0006652032	30	adverb	34	distantly-adverb	34	34	.adverb.	.34.	.distantly-adverb.	.34.	.34.
westlink	10	10	0.0001773875	8	name	10	westlink-name	10	10	.name.	.10.	.westlink-name.	.10.	.10.
gristwood	1	1	2.22E-05	1	name	1	gristwood-name	1	1	.name.	.1.	.gristwood-name.	.1.	.1.
fillet	1281	61	0.0122175658	551	noun	1059	fillet-noun	1059	1492	.noun.verb.name.adjective.	.1059.143.61.18.	.fillet-noun.fillet-verb.fillet-name.fillet-adjective.	.1059.143.61.18.	.1492.390.61.18.
mahoe	1	1	2.22E-05	1	name	1	mahoe-name	1	1	.name.	.1.	.mahoe-name.	.1.	.1.
methink	3	2	6.65E-05	3	name	2	methink-name	2	2	.name.noun.	.2.1.	.methink-name.methink-noun.	.2.1.	.2.25.
gennarino	2	2	4.43E-05	2	name	2	gennarino-name	2	2	.name.	.2.	.gennarino-name.	.2.	.2.
gwelves	1	0	2.22E-05	1	noun	1	gwelve-noun	1	1	.noun.	.1.	.gwelve-noun.	.1.	.1.
paradigms	4	0	6.65E-05	3	noun	3	paradigm-noun	3	80	.noun.verb.	.3.1.	.paradigm-noun.paradigm-verb.	.3.1.	.80.1.
tubenose	4	0	2.22E-05	1	noun	4	tubenose-noun	4	4	.noun.	.4.	.tubenose-noun.	.4.	.4.
vulnerabilitys	2	0	4.43E-05	2	noun	2	vulnerability-noun	2	363	.noun.	.2.	.vulnerability-noun.	.2.	.363.
cowpokes	6	1	8.87E-05	4	noun	6	cowpoke-noun	6	13	.noun.	.6.	.cowpoke-noun.	.6.	.13.
baldest	4	0	8.87E-05	4	adjective	3	baldest-adjective	3	3	.adjective.noun.	.3.1.	.baldest-adjective.baldest-noun.	.3.1.	.3.1.
trozen	1	0	2.22E-05	1	noun	1	trozen-noun	1	1	.noun.	.1.	.trozen-noun.	.1.	.1.
koka	1	0	2.22E-05	1	unclassified	1	koka-unclassified	1	1	.unclassified.	.1.	.koka-unclassified.	.1.	.1.
tithonia	7	4	8.87E-05	4	name	4	tithonia-name	4	4	.name.noun.	.4.3.	.tithonia-name.tithonium-noun.	.4.3.	.4.3.
cabeza	5	0	8.87E-05	4	unclassified	3	cabeza-unclassified	3	3	.unclassified.noun.	.3.2.	.cabeza-unclassified.cabeza-noun.	.3.2.	.3.2.
dicentras	2	1	4.43E-05	2	noun	2	dicentra-noun	2	5	.noun.	.2.	.dicentra-noun.	.2.	.5.
spectroscope	7	0	8.87E-05	4	noun	7	spectroscope-noun	7	8	.noun.	.7.	.spectroscope-noun.	.7.	.8.
marketability	9	0	0.000199561	9	noun	9	marketability-noun	9	9	.noun.	.9.	.marketability-noun.	.9.	.9.
salida	2	1	4.43E-05	2	noun	1	salida-noun	1	2	.noun.name.	.1.1.	.salida-noun.salida-name.	.1.1.	.2.1.
hekura	1	0	2.22E-05	1	unclassified	1	hekura-unclassified	1	1	.unclassified.	.1.	.hekura-unclassified.	.1.	.1.
discussionslet	1	0	2.22E-05	1	noun	1	discussionslet-noun	1	1	.noun.	.1.	.discussionslet-noun.	.1.	.1.
berlins	2	2	4.43E-05	2	noun	1	berlins-name	1	1	.noun.name.	.1.1.	.berlins-name.berlin-noun.	.1.1.	.1.2.
pergolesi	9	9	8.87E-05	4	name	9	pergolesi-name	9	9	.name.	.9.	.pergolesi-name.	.9.	.9.
ellingtonian	1	1	2.22E-05	1	adjective	1	ellingtonian-adjective	1	1	.adjective.	.1.	.ellingtonian-adjective.	.1.	.1.
baburen	2	2	2.22E-05	1	name	2	baburen-name	2	2	.name.	.2.	.baburen-name.	.2.	.2.
reoccurrence	8	0	0.0001773875	8	noun	8	reoccurrence-noun	8	9	.noun.	.8.	.reoccurrence-noun.	.8.	.9.
strictlyified	1	1	2.22E-05	1	verb	1	strictlyify-verb	1	1	.verb.	.1.	.strictlyify-verb.	.1.	.1.
tucci	12	12	0.0001552141	7	name	12	tucci-name	12	12	.name.	.12.	.tucci-name.	.12.	.12.
friarton	1	1	2.22E-05	1	name	1	friarton-name	1	1	.name.	.1.	.friarton-name.	.1.	.1.
paschendale	3	3	6.65E-05	3	name	3	paschendale-name	3	3	.name.	.3.	.paschendale-name.	.3.	.3.
straupbts	1	0	2.22E-05	1	noun	1	straupbt-noun	1	2	.noun.	.1.	.straupbt-noun.	.1.	.2.
stagecraft	19	2	0.0003769485	17	noun	17	stagecraft-noun	17	17	.noun.name.	.17.2.	.stagecraft-noun.stagecraft-name.	.17.2.	.17.2.
addressing	1126	48	0.0218851859	987	verb	1126	address-verb	1126	6925	.verb.	.1126.	.address-verb.	.1126.	.6925.
amidst	299	86	0.0062307368	281	preposition	190	amidst-preposition	190	190	.preposition.name.noun.adjective.verb.adverb.	.190.44.30.18.13.4.	.amidst-preposition.amidst-name.amidst-noun.amidst-adjective.amidst-verb.amidst-adverb.	.190.44.30.18.13.4.	.190.44.30.18.13.4.
colorido	1	0	2.22E-05	1	unclassified	1	colorido-unclassified	1	1	.unclassified.	.1.	.colorido-unclassified.	.1.	.1.
heliport	24	2	0.0004434688	20	noun	22	heliport-noun	22	22	.noun.name.	.22.2.	.heliport-noun.heliport-name.	.22.2.	.22.2.
leman	18	18	0.0002660813	12	name	18	leman-name	18	18	.name.	.18.	.leman-name.	.18.	.18.
toeufs	1	0	2.22E-05	1	noun	1	toeuf-noun	1	1	.noun.	.1.	.toeuf-noun.	.1.	.1.
megaor	1	1	2.22E-05	1	name	1	megaor-name	1	1	.name.	.1.	.megaor-name.	.1.	.1.
tueers	3	0	4.43E-05	2	noun	3	tueer-noun	3	4	.noun.	.3.	.tueer-noun.	.3.	.4.
microchampionship	1	0	2.22E-05	1	noun	1	microchampionship-noun	1	1	.noun.	.1.	.microchampionship-noun.	.1.	.1.
sappleton	8	8	0.0001108672	5	name	8	sappleton-name	8	8	.name.	.8.	.sappleton-name.	.8.	.8.
weedbusters	2	2	2.22E-05	1	name	2	weedbusters-name	2	2	.name.	.2.	.weedbusters-name.	.2.	.2.
cammy	102	102	0.0008425907	38	name	101	cammy-name	101	101	.name.adjective.	.101.1.	.cammy-name.cammy-adjective.	.101.1.	.101.1.
tarbox	1	1	2.22E-05	1	name	1	tarbox-name	1	1	.name.	.1.	.tarbox-name.	.1.	.1.
concluding	148	4	0.0029047207	131	verb	148	conclude-verb	148	2193	.verb.	.148.	.conclude-verb.	.148.	.2193.
p8	1	1	2.22E-05	1	name	1	p8-name	1	1	.name.	.1.	.p8-name.	.1.	.1.
preeson	1	1	2.22E-05	1	name	1	preeson-name	1	1	.name.	.1.	.preeson-name.	.1.	.1.
toolmakers	2	0	4.43E-05	2	noun	2	toolmaker-noun	2	15	.noun.	.2.	.toolmaker-noun.	.2.	.15.
beiler	2	2	2.22E-05	1	name	2	beiler-name	2	2	.name.	.2.	.beiler-name.	.2.	.2.
rrrroar	2	2	2.22E-05	1	noun	2	rrrroar-noun	2	2	.noun.	.2.	.rrrroar-noun.	.2.	.2.
prefpblgs	1	0	2.22E-05	1	noun	1	prefpblg-noun	1	1	.noun.	.1.	.prefpblg-noun.	.1.	.1.
crewmates	12	0	0.000199561	9	noun	12	crewmate-noun	12	21	.noun.	.12.	.crewmate-noun.	.12.	.21.
latexing	1	0	2.22E-05	1	verb	1	latex-verb	1	7	.verb.	.1.	.latex-verb.	.1.	.7.
woolloongabba	1	1	2.22E-05	1	name	1	woolloongabba-name	1	1	.name.	.1.	.woolloongabba-name.	.1.	.1.
tkhir	1	0	2.22E-05	1	noun	1	tkhir-noun	1	1	.noun.	.1.	.tkhir-noun.	.1.	.1.
uality	1	0	2.22E-05	1	noun	1	uality-noun	1	1	.noun.	.1.	.uality-noun.	.1.	.1.
afterwaves	2	2	4.43E-05	2	noun	2	afterwave-noun	2	2	.noun.	.2.	.afterwave-noun.	.2.	.2.
nio	27	27	0.0003104282	14	name	27	nio-name	27	27	.name.	.27.	.nio-name.	.27.	.27.
tacco	1	0	2.22E-05	1	unclassified	1	tacco-unclassified	1	1	.unclassified.	.1.	.tacco-unclassified.	.1.	.1.
silkwood	7	7	0.0001552141	7	name	7	silkwood-name	7	7	.name.	.7.	.silkwood-name.	.7.	.7.
approved	1897	21	0.0347457815	1567	verb	1857	approve-verb	1857	3458	.verb.adjective.name.	.1857.28.12.	.approve-verb.approved-adjective.approved-name.	.1857.28.12.	.3458.28.12.
vashem	8	8	8.87E-05	4	name	8	vashem-name	8	8	.name.	.8.	.vashem-name.	.8.	.8.
drittion	1	0	2.22E-05	1	noun	1	drittion-noun	1	1	.noun.	.1.	.drittion-noun.	.1.	.1.
angkar	1	1	2.22E-05	1	name	1	angkar-name	1	1	.name.	.1.	.angkar-name.	.1.	.1.
brait	5	0	0.0001108672	5	noun	4	brait-noun	4	5	.noun.verb.	.4.1.	.brait-noun.brait-verb.	.4.1.	.5.3.
sleeplessnesses	1	0	2.22E-05	1	noun	1	sleeplessness-noun	1	15	.noun.	.1.	.sleeplessness-noun.	.1.	.15.
bb	223	204	0.0023060378	104	name	194	bb-name	194	194	.name.noun.verb.adjective.	.194.22.6.1.	.bb-name.bb-noun.bb-verb.bb-adjective.	.194.22.6.1.	.194.23.6.1.
priz	3	0	4.43E-05	2	verb	2	priz-verb	2	2	.verb.noun.	.2.1.	.priz-verb.priz-noun.	.2.1.	.2.1.
shruts	1	0	2.22E-05	1	noun	1	shrut-noun	1	3	.noun.	.1.	.shrut-noun.	.1.	.3.
underlight	1	0	2.22E-05	1	noun	1	underlight-noun	1	1	.noun.	.1.	.underlight-noun.	.1.	.1.
breakout	101	17	0.0016851815	76	noun	74	breakout-noun	74	78	.noun.name.verb.adjective.	.74.17.7.3.	.breakout-noun.breakout-name.breakout-verb.breakout-adjective.	.74.17.7.3.	.78.17.7.3.
gruntlement	1	0	2.22E-05	1	noun	1	gruntlement-noun	1	1	.noun.	.1.	.gruntlement-noun.	.1.	.1.
kamutan	1	1	2.22E-05	1	name	1	kamutan-name	1	1	.name.	.1.	.kamutan-name.	.1.	.1.
orbed	2	0	4.43E-05	2	adjective	2	orbed-adjective	2	2	.adjective.	.2.	.orbed-adjective.	.2.	.2.
ruskinesque	1	1	2.22E-05	1	name	1	ruskinesque-name	1	1	.name.	.1.	.ruskinesque-name.	.1.	.1.
carnavons	1	1	2.22E-05	1	name	1	carnavons-name	1	1	.name.	.1.	.carnavons-name.	.1.	.1.
murya	1	1	2.22E-05	1	name	1	murya-name	1	1	.name.	.1.	.murya-name.	.1.	.1.
papadimitriou	2	2	2.22E-05	1	name	2	papadimitriou-name	2	2	.name.	.2.	.papadimitriou-name.	.2.	.2.
lifelong	727	21	0.0149892459	676	adjective	725	lifelong-adjective	725	725	.adjective.name.	.725.2.	.lifelong-adjective.lifelong-name.	.725.2.	.725.2.
torpbgs	4	0	8.87E-05	4	noun	4	torpbg-noun	4	4	.noun.	.4.	.torpbg-noun.	.4.	.4.
jingguo	1	1	2.22E-05	1	name	1	jingguo-name	1	1	.name.	.1.	.jingguo-name.	.1.	.1.
stucks	1	0	2.22E-05	1	noun	1	stuck-noun	1	54	.noun.	.1.	.stuck-noun.	.1.	.54.
lauther	1	1	2.22E-05	1	name	1	lauther-name	1	1	.name.	.1.	.lauther-name.	.1.	.1.
etymologies	6	0	0.0001108672	5	noun	6	etymology-noun	6	27	.noun.	.6.	.etymology-noun.	.6.	.27.
croy	10	10	0.000199561	9	name	9	croy-name	9	9	.name.adjective.	.9.1.	.croy-name.croy-adjective.	.9.1.	.9.1.
vaffee	2	0	2.22E-05	1	unclassified	2	vaffee-unclassified	2	2	.unclassified.	.2.	.vaffee-unclassified.	.2.	.2.
revitaliser	2	0	4.43E-05	2	noun	2	revitaliser-noun	2	2	.noun.	.2.	.revitaliser-noun.	.2.	.2.
crescents	20	3	0.0004212954	19	noun	18	crescent-noun	18	108	.noun.name.	.18.2.	.crescent-noun.crescents-name.	.18.2.	.108.2.
hydrodissection	1	0	2.22E-05	1	noun	1	hydrodissection-noun	1	1	.noun.	.1.	.hydrodissection-noun.	.1.	.1.
dashboards	10	2	0.0002217344	10	noun	10	dashboard-noun	10	237	.noun.	.10.	.dashboard-noun.	.10.	.237.
blockosaurus	9	9	2.22E-05	1	noun	5	blockosaurus-noun	5	5	.noun.name.	.5.4.	.blockosaurus-noun.blockosaurus-name.	.5.4.	.5.4.
cavendish	473	473	0.0041020865	185	name	413	cavendish-name	413	413	.name.adjective.noun.verb.adverb.	.413.41.11.7.1.	.cavendish-name.cavendish-adjective.cavendish-noun.cavendish-verb.cavendish-adverb.	.413.41.11.7.1.	.413.41.11.7.1.
wayk	1	0	2.22E-05	1	noun	1	wayk-noun	1	1	.noun.	.1.	.wayk-noun.	.1.	.1.
pliings	1	0	2.22E-05	1	noun	1	pliing-noun	1	1	.noun.	.1.	.pliing-noun.	.1.	.1.
penstemons	13	5	0.0001773875	8	noun	9	penstemon-noun	9	12	.noun.name.	.9.4.	.penstemon-noun.penstemons-name.	.9.4.	.12.4.
ibegbuna	1	1	2.22E-05	1	name	1	ibegbuna-name	1	1	.name.	.1.	.ibegbuna-name.	.1.	.1.
taz	38	36	0.0003991219	18	name	36	taz-name	36	36	.name.noun.	.36.2.	.taz-name.taz-noun.	.36.2.	.36.2.
almondsbury	3	3	6.65E-05	3	name	3	almondsbury-name	3	3	.name.	.3.	.almondsbury-name.	.3.	.3.
id	1580	1511	0.0223730016	1009	name	1337	id-name	1337	1337	.name.noun.verb.adjective.unclassified.	.1337.125.90.26.2.	.id-name.id-noun.id-verb.id-adjective.id-unclassified.	.1337.125.90.26.2.	.1337.202.92.26.2.
nka	1	1	2.22E-05	1	unclassified	1	nka-unclassified	1	1	.unclassified.	.1.	.nka-unclassified.	.1.	.1.
caterpillius	1	0	2.22E-05	1	noun	1	caterpillius-noun	1	1	.noun.	.1.	.caterpillius-noun.	.1.	.1.
quarta	2	1	4.43E-05	2	noun	1	quarta-name	1	1	.noun.name.	.1.1.	.quarta-name.quarta-noun.	.1.1.	.1.1.
strasse	17	14	0.0003547751	16	name	12	strasse-name	12	12	.name.noun.verb.	.12.4.1.	.strasse-name.strasse-noun.strasse-verb.	.12.4.1.	.12.4.1.
croakuts	1	0	2.22E-05	1	noun	1	croakut-noun	1	1	.noun.	.1.	.croakut-noun.	.1.	.1.
modual	3	0	6.65E-05	3	adjective	2	modual-adjective	2	2	.adjective.noun.	.2.1.	.modual-adjective.modual-noun.	.2.1.	.2.7.
sugarsville	1	0	2.22E-05	1	noun	1	sugarsville-noun	1	1	.noun.	.1.	.sugarsville-noun.	.1.	.1.
shockingness	1	0	2.22E-05	1	noun	1	shockingness-noun	1	1	.noun.	.1.	.shockingness-noun.	.1.	.1.
germanus	1	1	2.22E-05	1	name	1	germanus-name	1	1	.name.	.1.	.germanus-name.	.1.	.1.
bnh	2	2	4.43E-05	2	name	2	bnh-name	2	2	.name.	.2.	.bnh-name.	.2.	.2.
beaumanor	3	3	6.65E-05	3	name	3	beaumanor-name	3	3	.name.	.3.	.beaumanor-name.	.3.	.3.
amblesides	1	1	2.22E-05	1	noun	1	ambleside-noun	1	1	.noun.	.1.	.ambleside-noun.	.1.	.1.
underpantsy	1	0	2.22E-05	1	adjective	1	underpantsy-adjective	1	1	.adjective.	.1.	.underpantsy-adjective.	.1.	.1.
lloris	14	14	0.0001552141	7	name	14	lloris-name	14	14	.name.	.14.	.lloris-name.	.14.	.14.
camoguise	5	1	2.22E-05	1	noun	4	camoguise-noun	4	4	.noun.name.	.4.1.	.camoguise-noun.camoguise-name.	.4.1.	.4.1.
sourpuss	18	0	0.0003326016	15	noun	17	sourpuss-noun	17	18	.noun.verb.	.17.1.	.sourpuss-noun.sourpuss-verb.	.17.1.	.18.1.
jakana	1	1	2.22E-05	1	name	1	jakana-name	1	1	.name.	.1.	.jakana-name.	.1.	.1.
meneux	1	1	2.22E-05	1	name	1	meneux-name	1	1	.name.	.1.	.meneux-name.	.1.	.1.
wonderkid	2	0	4.43E-05	2	adjective	1	wonderkid-noun	1	1	.adjective.noun.	.1.1.	.wonderkid-noun.wonderkid-adjective.	.1.1.	.1.1.
subjugates	1	0	2.22E-05	1	verb	1	subjugate-verb	1	23	.verb.	.1.	.subjugate-verb.	.1.	.23.
moonball	3	0	2.22E-05	1	noun	3	moonball-noun	3	3	.noun.	.3.	.moonball-noun.	.3.	.3.
chatters	38	35	0.0005321626	24	name	20	chatters-name	20	20	.name.noun.verb.	.20.16.2.	.chatters-name.chatter-noun.chatter-verb.	.20.16.2.	.20.315.150.
daf	23	18	0.0003104282	14	name	18	daf-name	18	18	.name.noun.	.18.5.	.daf-name.daf-noun.	.18.5.	.18.5.
glendhu	1	1	2.22E-05	1	name	1	glendhu-name	1	1	.name.	.1.	.glendhu-name.	.1.	.1.
dinku	1	0	2.22E-05	1	noun	1	dinku-noun	1	1	.noun.	.1.	.dinku-noun.	.1.	.1.
overlooking	777	61	0.0151666334	684	verb	775	overlook-verb	775	2184	.verb.name.	.775.2.	.overlook-verb.overlooking-name.	.775.2.	.2184.2.
phoult	1	0	2.22E-05	1	noun	1	phoult-noun	1	1	.noun.	.1.	.phoult-noun.	.1.	.1.
timered	1	0	2.22E-05	1	adjective	1	timered-adjective	1	1	.adjective.	.1.	.timered-adjective.	.1.	.1.
zubaida	2	2	2.22E-05	1	name	2	zubaida-name	2	2	.name.	.2.	.zubaida-name.	.2.	.2.
laverock	1	0	2.22E-05	1	noun	1	laverock-noun	1	1	.noun.	.1.	.laverock-noun.	.1.	.1.
scorcher	56	2	0.0011530189	52	noun	54	scorcher-noun	54	55	.noun.name.	.54.2.	.scorcher-noun.scorcher-name.	.54.2.	.55.2.
participating	367	4	0.0074502761	336	verb	367	participate-verb	367	1402	.verb.	.367.	.participate-verb.	.367.	.1402.
bapaume	1	1	2.22E-05	1	name	1	bapaume-name	1	1	.name.	.1.	.bapaume-name.	.1.	.1.
eo29	1	1	2.22E-05	1	number	1	eo29-number	1	1	.number.	.1.	.eo29-number.	.1.	.1.
unstarry	1	0	2.22E-05	1	adjective	1	unstarry-adjective	1	1	.adjective.	.1.	.unstarry-adjective.	.1.	.1.
virender	68	68	0.0003104282	14	name	68	virender-name	68	68	.name.	.68.	.virender-name.	.68.	.68.
motorbiking	13	6	0.000199561	9	verb	10	motorbike-verb	10	19	.verb.noun.	.10.3.	.motorbike-verb.motorbiking-noun.	.10.3.	.19.3.
supercautious	1	0	2.22E-05	1	adjective	1	supercautious-adjective	1	1	.adjective.	.1.	.supercautious-adjective.	.1.	.1.
rydings	4	4	2.22E-05	1	noun	4	ryding-noun	4	4	.noun.	.4.	.ryding-noun.	.4.	.4.
loofah	27	3	0.0005099891	23	noun	22	loofah-noun	22	22	.noun.name.verb.	.22.3.2.	.loofah-noun.loofah-name.loofah-verb.	.22.3.2.	.22.3.2.
haemocyanin	1	1	2.22E-05	1	name	1	haemocyanin-name	1	1	.name.	.1.	.haemocyanin-name.	.1.	.1.
wifum	1	0	2.22E-05	1	noun	1	wifum-noun	1	1	.noun.	.1.	.wifum-noun.	.1.	.1.
waldenberg	11	11	2.22E-05	1	name	11	waldenberg-name	11	11	.name.	.11.	.waldenberg-name.	.11.	.11.
encounted	1	0	2.22E-05	1	verb	1	encount-verb	1	1	.verb.	.1.	.encount-verb.	.1.	.1.
incompetent	562	14	0.0092019779	415	adjective	558	incompetent-adjective	558	558	.adjective.name.	.558.4.	.incompetent-adjective.incompetent-name.	.558.4.	.558.4.
ovina	1	0	2.22E-05	1	noun	1	ovina-noun	1	1	.noun.	.1.	.ovina-noun.	.1.	.1.
myrmidons	3	3	4.43E-05	2	noun	2	myrmidon-noun	2	2	.noun.name.	.2.1.	.myrmidon-noun.myrmidons-name.	.2.1.	.2.1.
amie	53	43	0.0002882547	13	name	43	amie-name	43	43	.name.noun.unclassified.	.43.9.1.	.amie-name.amie-noun.amie-unclassified.	.43.9.1.	.43.9.1.
kwazi	5	5	6.65E-05	3	name	5	kwazi-name	5	5	.name.	.5.	.kwazi-name.	.5.	.5.
belshill	1	1	2.22E-05	1	name	1	belshill-name	1	1	.name.	.1.	.belshill-name.	.1.	.1.
sukamto	1	1	2.22E-05	1	name	1	sukamto-name	1	1	.name.	.1.	.sukamto-name.	.1.	.1.
superspace	1	0	2.22E-05	1	noun	1	superspace-noun	1	1	.noun.	.1.	.superspace-noun.	.1.	.1.
bascinet	7	6	6.65E-05	3	name	6	bascinet-name	6	6	.name.noun.	.6.1.	.bascinet-name.bascinet-noun.	.6.1.	.6.1.
salutery	1	0	2.22E-05	1	noun	1	salutery-noun	1	1	.noun.	.1.	.salutery-noun.	.1.	.1.
ajadabiya	5	5	2.22E-05	1	name	5	ajadabiya-name	5	5	.name.	.5.	.ajadabiya-name.	.5.	.5.
dismissed	1357	67	0.0260094459	1173	verb	1357	dismiss-verb	1357	2073	.verb.	.1357.	.dismiss-verb.	.1357.	.2073.
tupperoo	1	0	2.22E-05	1	noun	1	tupperoo-noun	1	1	.noun.	.1.	.tupperoo-noun.	.1.	.1.
lardmobile	1	0	2.22E-05	1	noun	1	lardmobile-noun	1	1	.noun.	.1.	.lardmobile-noun.	.1.	.1.
moulty	1	0	2.22E-05	1	noun	1	moulty-noun	1	1	.noun.	.1.	.moulty-noun.	.1.	.1.
dingy	332	58	0.0062307368	281	adjective	229	dingy-adjective	229	229	.adjective.name.noun.verb.	.229.58.36.9.	.dingy-adjective.dingy-name.dingy-noun.dingy-verb.	.229.58.36.9.	.229.58.36.11.
footfalling	1	0	2.22E-05	1	verb	1	footfall-verb	1	1	.verb.	.1.	.footfall-verb.	.1.	.1.
inpectorate	1	0	2.22E-05	1	verb	1	inpectorate-verb	1	1	.verb.	.1.	.inpectorate-verb.	.1.	.1.
www.bbc.co.uk\/athletics	1	0	2.22E-05	1	noun	1	www.bbc.co.uk\/athletics-noun	1	1	.noun.	.1.	.www.bbc.co.uk\/athletics-noun.	.1.	.1.
acorny	1	0	2.22E-05	1	noun	1	acorny-noun	1	1	.noun.	.1.	.acorny-noun.	.1.	.1.
slaven	24	24	0.0001108672	5	name	24	slaven-name	24	24	.name.	.24.	.slaven-name.	.24.	.24.
piroette	1	0	2.22E-05	1	noun	1	piroette-noun	1	1	.noun.	.1.	.piroette-noun.	.1.	.1.
azari	2	2	2.22E-05	1	name	2	azari-name	2	2	.name.	.2.	.azari-name.	.2.	.2.
finocchio	14	0	4.43E-05	2	noun	8	finocchio-noun	8	8	.noun.unclassified.	.8.6.	.finocchio-noun.finocchio-unclassified.	.8.6.	.8.6.
compagne	1	1	2.22E-05	1	name	1	compagne-name	1	1	.name.	.1.	.compagne-name.	.1.	.1.
biosecurity	11	0	0.0001773875	8	noun	11	biosecurity-noun	11	11	.noun.	.11.	.biosecurity-noun.	.11.	.11.
gynea	1	1	2.22E-05	1	name	1	gynea-name	1	1	.name.	.1.	.gynea-name.	.1.	.1.
perjorative	2	0	4.43E-05	2	adjective	2	perjorative-adjective	2	2	.adjective.	.2.	.perjorative-adjective.	.2.	.2.
reenascreena	1	1	2.22E-05	1	name	1	reenascreena-name	1	1	.name.	.1.	.reenascreena-name.	.1.	.1.
compuesto	2	0	2.22E-05	1	noun	2	compuesto-noun	2	2	.noun.	.2.	.compuesto-noun.	.2.	.2.
treetop	64	12	0.0011308455	51	noun	50	treetop-noun	50	218	.noun.name.verb.	.50.12.2.	.treetop-noun.treetop-name.treetop-verb.	.50.12.2.	.218.12.5.
guiltiest	2	0	4.43E-05	2	adjective	2	guiltiest-adjective	2	2	.adjective.	.2.	.guiltiest-adjective.	.2.	.2.
wintery	137	8	0.0023503847	106	noun	97	wintery-noun	97	97	.noun.adjective.name.verb.	.97.31.8.1.	.wintery-noun.wintery-adjective.wintery-name.wintery-verb.	.97.31.8.1.	.97.31.8.1.
schrager	2	2	4.43E-05	2	name	2	schrager-name	2	2	.name.	.2.	.schrager-name.	.2.	.2.
pikers	1	1	2.22E-05	1	noun	1	piker-noun	1	4	.noun.	.1.	.piker-noun.	.1.	.4.
picquot	18	17	0.0001108672	5	name	17	picquot-name	17	17	.name.noun.	.17.1.	.picquot-name.picquot-noun.	.17.1.	.17.1.
trale	1	1	2.22E-05	1	name	1	trale-name	1	1	.name.	.1.	.trale-name.	.1.	.1.
banco	15	6	0.0002217344	10	noun	7	banco-noun	7	7	.noun.name.unclassified.	.7.6.2.	.banco-noun.banco-name.banco-unclassified.	.7.6.2.	.7.6.2.
motled	2	1	4.43E-05	2	verb	1	motle-verb	1	1	.verb.name.	.1.1.	.motle-verb.motled-name.	.1.1.	.1.1.
